object_id,content_id,content_id_y,account_id,account_id_y,time_delta,speed_category
https://www.facebook.com/coord_url_001/,1,2,Account01,Account02,12,Very Fast (0-60s)
https://www.facebook.com/coord_url_001/,1,3,Account01,Account03,24,Very Fast (0-60s)
https://www.facebook.com/coord_url_001/,1,4,Account01,Account04,36,Very Fast (0-60s)
https://www.facebook.com/coord_url_001/,1,5,Account01,Account05,48,Very Fast (0-60s)
https://www.facebook.com/coord_url_001/,1,6,Account01,Account06,58,Very Fast (0-60s)
https://www.facebook.com/coord_url_001/,1,7,Account01,Account07,68,Fast (1-5min)
https://www.facebook.com/coord_url_001/,1,8,Account01,Account08,78,Fast (1-5min)
https://www.facebook.com/coord_url_001/,2,3,Account02,Account03,12,Very Fast (0-60s)
https://www.facebook.com/coord_url_001/,2,4,Account02,Account04,24,Very Fast (0-60s)
https://www.facebook.com/coord_url_001/,2,5,Account02,Account05,36,Very Fast (0-60s)
https://www.facebook.com/coord_url_001/,2,6,Account02,Account06,46,Very Fast (0-60s)
https://www.facebook.com/coord_url_001/,2,7,Account02,Account07,56,Very Fast (0-60s)
https://www.facebook.com/coord_url_001/,2,8,Account02,Account08,66,Fast (1-5min)
https://www.facebook.com/coord_url_001/,3,4,Account03,Account04,12,Very Fast (0-60s)
https://www.facebook.com/coord_url_001/,3,5,Account03,Account05,24,Very Fast (0-60s)
https://www.facebook.com/coord_url_001/,3,6,Account03,Account06,34,Very Fast (0-60s)
https://www.facebook.com/coord_url_001/,3,7,Account03,Account07,44,Very Fast (0-60s)
https://www.facebook.com/coord_url_001/,3,8,Account03,Account08,54,Very Fast (0-60s)
https://www.facebook.com/coord_url_001/,4,5,Account04,Account05,12,Very Fast (0-60s)
https://www.facebook.com/coord_url_001/,4,6,Account04,Account06,22,Very Fast (0-60s)
https://www.facebook.com/coord_url_001/,4,7,Account04,Account07,32,Very Fast (0-60s)
https://www.facebook.com/coord_url_001/,4,8,Account04,Account08,42,Very Fast (0-60s)
https://www.facebook.com/coord_url_001/,5,6,Account05,Account06,10,Very Fast (0-60s)
https://www.facebook.com/coord_url_001/,5,7,Account05,Account07,20,Very Fast (0-60s)
https://www.facebook.com/coord_url_001/,5,8,Account05,Account08,30,Very Fast (0-60s)
https://www.facebook.com/coord_url_001/,6,7,Account06,Account07,10,Very Fast (0-60s)
https://www.facebook.com/coord_url_001/,6,8,Account06,Account08,20,Very Fast (0-60s)
https://www.facebook.com/coord_url_001/,7,8,Account07,Account08,10,Very Fast (0-60s)
https://www.facebook.com/coord_url_002/,9,10,Account01,Account02,15,Very Fast (0-60s)
https://www.facebook.com/coord_url_002/,9,11,Account01,Account09,28,Very Fast (0-60s)
https://www.facebook.com/coord_url_002/,9,12,Account01,Account10,40,Very Fast (0-60s)
https://www.facebook.com/coord_url_002/,9,13,Account01,Account11,52,Very Fast (0-60s)
https://www.facebook.com/coord_url_002/,9,14,Account01,Account12,63,Fast (1-5min)
https://www.facebook.com/coord_url_002/,9,15,Account01,Account13,75,Fast (1-5min)
https://www.facebook.com/coord_url_002/,10,11,Account02,Account09,13,Very Fast (0-60s)
https://www.facebook.com/coord_url_002/,10,12,Account02,Account10,25,Very Fast (0-60s)
https://www.facebook.com/coord_url_002/,10,13,Account02,Account11,37,Very Fast (0-60s)
https://www.facebook.com/coord_url_002/,10,14,Account02,Account12,48,Very Fast (0-60s)
https://www.facebook.com/coord_url_002/,10,15,Account02,Account13,60,Very Fast (0-60s)
https://www.facebook.com/coord_url_002/,11,12,Account09,Account10,12,Very Fast (0-60s)
https://www.facebook.com/coord_url_002/,11,13,Account09,Account11,24,Very Fast (0-60s)
https://www.facebook.com/coord_url_002/,11,14,Account09,Account12,35,Very Fast (0-60s)
https://www.facebook.com/coord_url_002/,11,15,Account09,Account13,47,Very Fast (0-60s)
https://www.facebook.com/coord_url_002/,12,13,Account10,Account11,12,Very Fast (0-60s)
https://www.facebook.com/coord_url_002/,12,14,Account10,Account12,23,Very Fast (0-60s)
https://www.facebook.com/coord_url_002/,12,15,Account10,Account13,35,Very Fast (0-60s)
https://www.facebook.com/coord_url_002/,13,14,Account11,Account12,11,Very Fast (0-60s)
https://www.facebook.com/coord_url_002/,13,15,Account11,Account13,23,Very Fast (0-60s)
https://www.facebook.com/coord_url_002/,14,15,Account12,Account13,12,Very Fast (0-60s)
https://www.facebook.com/coord_url_003/,16,17,Account03,Account04,18,Very Fast (0-60s)
https://www.facebook.com/coord_url_003/,16,18,Account03,Account05,32,Very Fast (0-60s)
https://www.facebook.com/coord_url_003/,16,19,Account03,Account14,45,Very Fast (0-60s)
https://www.facebook.com/coord_url_003/,16,20,Account03,Account15,58,Very Fast (0-60s)
https://www.facebook.com/coord_url_003/,16,21,Account03,Account16,70,Fast (1-5min)
https://www.facebook.com/coord_url_003/,16,22,Account03,Account17,82,Fast (1-5min)
https://www.facebook.com/coord_url_003/,16,23,Account03,Account18,95,Fast (1-5min)
https://www.facebook.com/coord_url_003/,17,18,Account04,Account05,14,Very Fast (0-60s)
https://www.facebook.com/coord_url_003/,17,19,Account04,Account14,27,Very Fast (0-60s)
https://www.facebook.com/coord_url_003/,17,20,Account04,Account15,40,Very Fast (0-60s)
https://www.facebook.com/coord_url_003/,17,21,Account04,Account16,52,Very Fast (0-60s)
https://www.facebook.com/coord_url_003/,17,22,Account04,Account17,64,Fast (1-5min)
https://www.facebook.com/coord_url_003/,17,23,Account04,Account18,77,Fast (1-5min)
https://www.facebook.com/coord_url_003/,18,19,Account05,Account14,13,Very Fast (0-60s)
https://www.facebook.com/coord_url_003/,18,20,Account05,Account15,26,Very Fast (0-60s)
https://www.facebook.com/coord_url_003/,18,21,Account05,Account16,38,Very Fast (0-60s)
https://www.facebook.com/coord_url_003/,18,22,Account05,Account17,50,Very Fast (0-60s)
https://www.facebook.com/coord_url_003/,18,23,Account05,Account18,63,Fast (1-5min)
https://www.facebook.com/coord_url_003/,19,20,Account14,Account15,13,Very Fast (0-60s)
https://www.facebook.com/coord_url_003/,19,21,Account14,Account16,25,Very Fast (0-60s)
https://www.facebook.com/coord_url_003/,19,22,Account14,Account17,37,Very Fast (0-60s)
https://www.facebook.com/coord_url_003/,19,23,Account14,Account18,50,Very Fast (0-60s)
https://www.facebook.com/coord_url_003/,20,21,Account15,Account16,12,Very Fast (0-60s)
https://www.facebook.com/coord_url_003/,20,22,Account15,Account17,24,Very Fast (0-60s)
https://www.facebook.com/coord_url_003/,20,23,Account15,Account18,37,Very Fast (0-60s)
https://www.facebook.com/coord_url_003/,21,22,Account16,Account17,12,Very Fast (0-60s)
https://www.facebook.com/coord_url_003/,21,23,Account16,Account18,25,Very Fast (0-60s)
https://www.facebook.com/coord_url_003/,22,23,Account17,Account18,13,Very Fast (0-60s)
https://www.facebook.com/coord_url_004/,24,25,Account06,Account07,14,Very Fast (0-60s)
https://www.facebook.com/coord_url_004/,24,26,Account06,Account08,28,Very Fast (0-60s)
https://www.facebook.com/coord_url_004/,24,27,Account06,Account09,42,Very Fast (0-60s)
https://www.facebook.com/coord_url_004/,24,28,Account06,Account10,55,Very Fast (0-60s)
https://www.facebook.com/coord_url_004/,24,29,Account06,Account19,68,Fast (1-5min)
https://www.facebook.com/coord_url_004/,24,30,Account06,Account20,80,Fast (1-5min)
https://www.facebook.com/coord_url_004/,25,26,Account07,Account08,14,Very Fast (0-60s)
https://www.facebook.com/coord_url_004/,25,27,Account07,Account09,28,Very Fast (0-60s)
https://www.facebook.com/coord_url_004/,25,28,Account07,Account10,41,Very Fast (0-60s)
https://www.facebook.com/coord_url_004/,25,29,Account07,Account19,54,Very Fast (0-60s)
https://www.facebook.com/coord_url_004/,25,30,Account07,Account20,66,Fast (1-5min)
https://www.facebook.com/coord_url_004/,26,27,Account08,Account09,14,Very Fast (0-60s)
https://www.facebook.com/coord_url_004/,26,28,Account08,Account10,27,Very Fast (0-60s)
https://www.facebook.com/coord_url_004/,26,29,Account08,Account19,40,Very Fast (0-60s)
https://www.facebook.com/coord_url_004/,26,30,Account08,Account20,52,Very Fast (0-60s)
https://www.facebook.com/coord_url_004/,27,28,Account09,Account10,13,Very Fast (0-60s)
https://www.facebook.com/coord_url_004/,27,29,Account09,Account19,26,Very Fast (0-60s)
https://www.facebook.com/coord_url_004/,27,30,Account09,Account20,38,Very Fast (0-60s)
https://www.facebook.com/coord_url_004/,28,29,Account10,Account19,13,Very Fast (0-60s)
https://www.facebook.com/coord_url_004/,28,30,Account10,Account20,25,Very Fast (0-60s)
https://www.facebook.com/coord_url_004/,29,30,Account19,Account20,12,Very Fast (0-60s)
https://www.facebook.com/coord_url_005/,31,32,Account01,Account03,10,Very Fast (0-60s)
https://www.facebook.com/coord_url_005/,31,33,Account01,Account05,20,Very Fast (0-60s)
https://www.facebook.com/coord_url_005/,31,34,Account01,Account07,30,Very Fast (0-60s)
https://www.facebook.com/coord_url_005/,31,35,Account01,Account09,40,Very Fast (0-60s)
https://www.facebook.com/coord_url_005/,31,36,Account01,Account11,50,Very Fast (0-60s)
https://www.facebook.com/coord_url_005/,31,37,Account01,Account13,60,Very Fast (0-60s)
https://www.facebook.com/coord_url_005/,31,38,Account01,Account15,70,Fast (1-5min)
https://www.facebook.com/coord_url_005/,31,39,Account01,Account17,80,Fast (1-5min)
https://www.facebook.com/coord_url_005/,31,40,Account01,Account19,90,Fast (1-5min)
https://www.facebook.com/coord_url_005/,32,33,Account03,Account05,10,Very Fast (0-60s)
https://www.facebook.com/coord_url_005/,32,34,Account03,Account07,20,Very Fast (0-60s)
https://www.facebook.com/coord_url_005/,32,35,Account03,Account09,30,Very Fast (0-60s)
https://www.facebook.com/coord_url_005/,32,36,Account03,Account11,40,Very Fast (0-60s)
https://www.facebook.com/coord_url_005/,32,37,Account03,Account13,50,Very Fast (0-60s)
https://www.facebook.com/coord_url_005/,32,38,Account03,Account15,60,Very Fast (0-60s)
https://www.facebook.com/coord_url_005/,32,39,Account03,Account17,70,Fast (1-5min)
https://www.facebook.com/coord_url_005/,32,40,Account03,Account19,80,Fast (1-5min)
https://www.facebook.com/coord_url_005/,33,34,Account05,Account07,10,Very Fast (0-60s)
https://www.facebook.com/coord_url_005/,33,35,Account05,Account09,20,Very Fast (0-60s)
https://www.facebook.com/coord_url_005/,33,36,Account05,Account11,30,Very Fast (0-60s)
https://www.facebook.com/coord_url_005/,33,37,Account05,Account13,40,Very Fast (0-60s)
https://www.facebook.com/coord_url_005/,33,38,Account05,Account15,50,Very Fast (0-60s)
https://www.facebook.com/coord_url_005/,33,39,Account05,Account17,60,Very Fast (0-60s)
https://www.facebook.com/coord_url_005/,33,40,Account05,Account19,70,Fast (1-5min)
https://www.facebook.com/coord_url_005/,34,35,Account07,Account09,10,Very Fast (0-60s)
https://www.facebook.com/coord_url_005/,34,36,Account07,Account11,20,Very Fast (0-60s)
https://www.facebook.com/coord_url_005/,34,37,Account07,Account13,30,Very Fast (0-60s)
https://www.facebook.com/coord_url_005/,34,38,Account07,Account15,40,Very Fast (0-60s)
https://www.facebook.com/coord_url_005/,34,39,Account07,Account17,50,Very Fast (0-60s)
https://www.facebook.com/coord_url_005/,34,40,Account07,Account19,60,Very Fast (0-60s)
https://www.facebook.com/coord_url_005/,35,36,Account09,Account11,10,Very Fast (0-60s)
https://www.facebook.com/coord_url_005/,35,37,Account09,Account13,20,Very Fast (0-60s)
https://www.facebook.com/coord_url_005/,35,38,Account09,Account15,30,Very Fast (0-60s)
https://www.facebook.com/coord_url_005/,35,39,Account09,Account17,40,Very Fast (0-60s)
https://www.facebook.com/coord_url_005/,35,40,Account09,Account19,50,Very Fast (0-60s)
https://www.facebook.com/coord_url_005/,36,37,Account11,Account13,10,Very Fast (0-60s)
https://www.facebook.com/coord_url_005/,36,38,Account11,Account15,20,Very Fast (0-60s)
https://www.facebook.com/coord_url_005/,36,39,Account11,Account17,30,Very Fast (0-60s)
https://www.facebook.com/coord_url_005/,36,40,Account11,Account19,40,Very Fast (0-60s)
https://www.facebook.com/coord_url_005/,37,38,Account13,Account15,10,Very Fast (0-60s)
https://www.facebook.com/coord_url_005/,37,39,Account13,Account17,20,Very Fast (0-60s)
https://www.facebook.com/coord_url_005/,37,40,Account13,Account19,30,Very Fast (0-60s)
https://www.facebook.com/coord_url_005/,38,39,Account15,Account17,10,Very Fast (0-60s)
https://www.facebook.com/coord_url_005/,38,40,Account15,Account19,20,Very Fast (0-60s)
https://www.facebook.com/coord_url_005/,39,40,Account17,Account19,10,Very Fast (0-60s)
https://www.facebook.com/coord_url_006/,41,42,Account02,Account04,12,Very Fast (0-60s)
https://www.facebook.com/coord_url_006/,41,43,Account02,Account06,24,Very Fast (0-60s)
https://www.facebook.com/coord_url_006/,41,44,Account02,Account08,36,Very Fast (0-60s)
https://www.facebook.com/coord_url_006/,41,45,Account02,Account10,48,Very Fast (0-60s)
https://www.facebook.com/coord_url_006/,41,46,Account02,Account12,60,Very Fast (0-60s)
https://www.facebook.com/coord_url_006/,41,47,Account02,Account14,72,Fast (1-5min)
https://www.facebook.com/coord_url_006/,41,48,Account02,Account16,84,Fast (1-5min)
https://www.facebook.com/coord_url_006/,41,49,Account02,Account18,96,Fast (1-5min)
https://www.facebook.com/coord_url_006/,41,50,Account02,Account20,108,Fast (1-5min)
https://www.facebook.com/coord_url_006/,42,43,Account04,Account06,12,Very Fast (0-60s)
https://www.facebook.com/coord_url_006/,42,44,Account04,Account08,24,Very Fast (0-60s)
https://www.facebook.com/coord_url_006/,42,45,Account04,Account10,36,Very Fast (0-60s)
https://www.facebook.com/coord_url_006/,42,46,Account04,Account12,48,Very Fast (0-60s)
https://www.facebook.com/coord_url_006/,42,47,Account04,Account14,60,Very Fast (0-60s)
https://www.facebook.com/coord_url_006/,42,48,Account04,Account16,72,Fast (1-5min)
https://www.facebook.com/coord_url_006/,42,49,Account04,Account18,84,Fast (1-5min)
https://www.facebook.com/coord_url_006/,42,50,Account04,Account20,96,Fast (1-5min)
https://www.facebook.com/coord_url_006/,43,44,Account06,Account08,12,Very Fast (0-60s)
https://www.facebook.com/coord_url_006/,43,45,Account06,Account10,24,Very Fast (0-60s)
https://www.facebook.com/coord_url_006/,43,46,Account06,Account12,36,Very Fast (0-60s)
https://www.facebook.com/coord_url_006/,43,47,Account06,Account14,48,Very Fast (0-60s)
https://www.facebook.com/coord_url_006/,43,48,Account06,Account16,60,Very Fast (0-60s)
https://www.facebook.com/coord_url_006/,43,49,Account06,Account18,72,Fast (1-5min)
https://www.facebook.com/coord_url_006/,43,50,Account06,Account20,84,Fast (1-5min)
https://www.facebook.com/coord_url_006/,44,45,Account08,Account10,12,Very Fast (0-60s)
https://www.facebook.com/coord_url_006/,44,46,Account08,Account12,24,Very Fast (0-60s)
https://www.facebook.com/coord_url_006/,44,47,Account08,Account14,36,Very Fast (0-60s)
https://www.facebook.com/coord_url_006/,44,48,Account08,Account16,48,Very Fast (0-60s)
https://www.facebook.com/coord_url_006/,44,49,Account08,Account18,60,Very Fast (0-60s)
https://www.facebook.com/coord_url_006/,44,50,Account08,Account20,72,Fast (1-5min)
https://www.facebook.com/coord_url_006/,45,46,Account10,Account12,12,Very Fast (0-60s)
https://www.facebook.com/coord_url_006/,45,47,Account10,Account14,24,Very Fast (0-60s)
https://www.facebook.com/coord_url_006/,45,48,Account10,Account16,36,Very Fast (0-60s)
https://www.facebook.com/coord_url_006/,45,49,Account10,Account18,48,Very Fast (0-60s)
https://www.facebook.com/coord_url_006/,45,50,Account10,Account20,60,Very Fast (0-60s)
https://www.facebook.com/coord_url_006/,46,47,Account12,Account14,12,Very Fast (0-60s)
https://www.facebook.com/coord_url_006/,46,48,Account12,Account16,24,Very Fast (0-60s)
https://www.facebook.com/coord_url_006/,46,49,Account12,Account18,36,Very Fast (0-60s)
https://www.facebook.com/coord_url_006/,46,50,Account12,Account20,48,Very Fast (0-60s)
https://www.facebook.com/coord_url_006/,47,48,Account14,Account16,12,Very Fast (0-60s)
https://www.facebook.com/coord_url_006/,47,49,Account14,Account18,24,Very Fast (0-60s)
https://www.facebook.com/coord_url_006/,47,50,Account14,Account20,36,Very Fast (0-60s)
https://www.facebook.com/coord_url_006/,48,49,Account16,Account18,12,Very Fast (0-60s)
https://www.facebook.com/coord_url_006/,48,50,Account16,Account20,24,Very Fast (0-60s)
https://www.facebook.com/coord_url_006/,49,50,Account18,Account20,12,Very Fast (0-60s)
https://www.facebook.com/coord_url_007/,51,52,Account01,Account02,8,Very Fast (0-60s)
https://www.facebook.com/coord_url_007/,51,53,Account01,Account03,16,Very Fast (0-60s)
https://www.facebook.com/coord_url_007/,51,54,Account01,Account04,24,Very Fast (0-60s)
https://www.facebook.com/coord_url_007/,51,55,Account01,Account05,32,Very Fast (0-60s)
https://www.facebook.com/coord_url_007/,51,56,Account01,Account06,40,Very Fast (0-60s)
https://www.facebook.com/coord_url_007/,51,57,Account01,Account07,48,Very Fast (0-60s)
https://www.facebook.com/coord_url_007/,51,58,Account01,Account08,56,Very Fast (0-60s)
https://www.facebook.com/coord_url_007/,51,59,Account01,Account09,64,Fast (1-5min)
https://www.facebook.com/coord_url_007/,51,60,Account01,Account10,72,Fast (1-5min)
https://www.facebook.com/coord_url_007/,51,61,Account01,Account11,80,Fast (1-5min)
https://www.facebook.com/coord_url_007/,51,62,Account01,Account12,88,Fast (1-5min)
https://www.facebook.com/coord_url_007/,52,53,Account02,Account03,8,Very Fast (0-60s)
https://www.facebook.com/coord_url_007/,52,54,Account02,Account04,16,Very Fast (0-60s)
https://www.facebook.com/coord_url_007/,52,55,Account02,Account05,24,Very Fast (0-60s)
https://www.facebook.com/coord_url_007/,52,56,Account02,Account06,32,Very Fast (0-60s)
https://www.facebook.com/coord_url_007/,52,57,Account02,Account07,40,Very Fast (0-60s)
https://www.facebook.com/coord_url_007/,52,58,Account02,Account08,48,Very Fast (0-60s)
https://www.facebook.com/coord_url_007/,52,59,Account02,Account09,56,Very Fast (0-60s)
https://www.facebook.com/coord_url_007/,52,60,Account02,Account10,64,Fast (1-5min)
https://www.facebook.com/coord_url_007/,52,61,Account02,Account11,72,Fast (1-5min)
https://www.facebook.com/coord_url_007/,52,62,Account02,Account12,80,Fast (1-5min)
https://www.facebook.com/coord_url_007/,53,54,Account03,Account04,8,Very Fast (0-60s)
https://www.facebook.com/coord_url_007/,53,55,Account03,Account05,16,Very Fast (0-60s)
https://www.facebook.com/coord_url_007/,53,56,Account03,Account06,24,Very Fast (0-60s)
https://www.facebook.com/coord_url_007/,53,57,Account03,Account07,32,Very Fast (0-60s)
https://www.facebook.com/coord_url_007/,53,58,Account03,Account08,40,Very Fast (0-60s)
https://www.facebook.com/coord_url_007/,53,59,Account03,Account09,48,Very Fast (0-60s)
https://www.facebook.com/coord_url_007/,53,60,Account03,Account10,56,Very Fast (0-60s)
https://www.facebook.com/coord_url_007/,53,61,Account03,Account11,64,Fast (1-5min)
https://www.facebook.com/coord_url_007/,53,62,Account03,Account12,72,Fast (1-5min)
https://www.facebook.com/coord_url_007/,54,55,Account04,Account05,8,Very Fast (0-60s)
https://www.facebook.com/coord_url_007/,54,56,Account04,Account06,16,Very Fast (0-60s)
https://www.facebook.com/coord_url_007/,54,57,Account04,Account07,24,Very Fast (0-60s)
https://www.facebook.com/coord_url_007/,54,58,Account04,Account08,32,Very Fast (0-60s)
https://www.facebook.com/coord_url_007/,54,59,Account04,Account09,40,Very Fast (0-60s)
https://www.facebook.com/coord_url_007/,54,60,Account04,Account10,48,Very Fast (0-60s)
https://www.facebook.com/coord_url_007/,54,61,Account04,Account11,56,Very Fast (0-60s)
https://www.facebook.com/coord_url_007/,54,62,Account04,Account12,64,Fast (1-5min)
https://www.facebook.com/coord_url_007/,55,56,Account05,Account06,8,Very Fast (0-60s)
https://www.facebook.com/coord_url_007/,55,57,Account05,Account07,16,Very Fast (0-60s)
https://www.facebook.com/coord_url_007/,55,58,Account05,Account08,24,Very Fast (0-60s)
https://www.facebook.com/coord_url_007/,55,59,Account05,Account09,32,Very Fast (0-60s)
https://www.facebook.com/coord_url_007/,55,60,Account05,Account10,40,Very Fast (0-60s)
https://www.facebook.com/coord_url_007/,55,61,Account05,Account11,48,Very Fast (0-60s)
https://www.facebook.com/coord_url_007/,55,62,Account05,Account12,56,Very Fast (0-60s)
https://www.facebook.com/coord_url_007/,56,57,Account06,Account07,8,Very Fast (0-60s)
https://www.facebook.com/coord_url_007/,56,58,Account06,Account08,16,Very Fast (0-60s)
https://www.facebook.com/coord_url_007/,56,59,Account06,Account09,24,Very Fast (0-60s)
https://www.facebook.com/coord_url_007/,56,60,Account06,Account10,32,Very Fast (0-60s)
https://www.facebook.com/coord_url_007/,56,61,Account06,Account11,40,Very Fast (0-60s)
https://www.facebook.com/coord_url_007/,56,62,Account06,Account12,48,Very Fast (0-60s)
https://www.facebook.com/coord_url_007/,57,58,Account07,Account08,8,Very Fast (0-60s)
https://www.facebook.com/coord_url_007/,57,59,Account07,Account09,16,Very Fast (0-60s)
https://www.facebook.com/coord_url_007/,57,60,Account07,Account10,24,Very Fast (0-60s)
https://www.facebook.com/coord_url_007/,57,61,Account07,Account11,32,Very Fast (0-60s)
https://www.facebook.com/coord_url_007/,57,62,Account07,Account12,40,Very Fast (0-60s)
https://www.facebook.com/coord_url_007/,58,59,Account08,Account09,8,Very Fast (0-60s)
https://www.facebook.com/coord_url_007/,58,60,Account08,Account10,16,Very Fast (0-60s)
https://www.facebook.com/coord_url_007/,58,61,Account08,Account11,24,Very Fast (0-60s)
https://www.facebook.com/coord_url_007/,58,62,Account08,Account12,32,Very Fast (0-60s)
https://www.facebook.com/coord_url_007/,59,60,Account09,Account10,8,Very Fast (0-60s)
https://www.facebook.com/coord_url_007/,59,61,Account09,Account11,16,Very Fast (0-60s)
https://www.facebook.com/coord_url_007/,59,62,Account09,Account12,24,Very Fast (0-60s)
https://www.facebook.com/coord_url_007/,60,61,Account10,Account11,8,Very Fast (0-60s)
https://www.facebook.com/coord_url_007/,60,62,Account10,Account12,16,Very Fast (0-60s)
https://www.facebook.com/coord_url_007/,61,62,Account11,Account12,8,Very Fast (0-60s)
https://www.facebook.com/coord_url_008/,63,64,Account11,Account12,14,Very Fast (0-60s)
https://www.facebook.com/coord_url_008/,63,65,Account11,Account13,28,Very Fast (0-60s)
https://www.facebook.com/coord_url_008/,63,66,Account11,Account14,42,Very Fast (0-60s)
https://www.facebook.com/coord_url_008/,63,67,Account11,Account15,56,Very Fast (0-60s)
https://www.facebook.com/coord_url_008/,63,68,Account11,Account16,70,Fast (1-5min)
https://www.facebook.com/coord_url_008/,63,69,Account11,Account17,84,Fast (1-5min)
https://www.facebook.com/coord_url_008/,63,70,Account11,Account18,98,Fast (1-5min)
https://www.facebook.com/coord_url_008/,63,71,Account11,Account19,112,Fast (1-5min)
https://www.facebook.com/coord_url_008/,63,72,Account11,Account20,126,Fast (1-5min)
https://www.facebook.com/coord_url_008/,64,65,Account12,Account13,14,Very Fast (0-60s)
https://www.facebook.com/coord_url_008/,64,66,Account12,Account14,28,Very Fast (0-60s)
https://www.facebook.com/coord_url_008/,64,67,Account12,Account15,42,Very Fast (0-60s)
https://www.facebook.com/coord_url_008/,64,68,Account12,Account16,56,Very Fast (0-60s)
https://www.facebook.com/coord_url_008/,64,69,Account12,Account17,70,Fast (1-5min)
https://www.facebook.com/coord_url_008/,64,70,Account12,Account18,84,Fast (1-5min)
https://www.facebook.com/coord_url_008/,64,71,Account12,Account19,98,Fast (1-5min)
https://www.facebook.com/coord_url_008/,64,72,Account12,Account20,112,Fast (1-5min)
https://www.facebook.com/coord_url_008/,65,66,Account13,Account14,14,Very Fast (0-60s)
https://www.facebook.com/coord_url_008/,65,67,Account13,Account15,28,Very Fast (0-60s)
https://www.facebook.com/coord_url_008/,65,68,Account13,Account16,42,Very Fast (0-60s)
https://www.facebook.com/coord_url_008/,65,69,Account13,Account17,56,Very Fast (0-60s)
https://www.facebook.com/coord_url_008/,65,70,Account13,Account18,70,Fast (1-5min)
https://www.facebook.com/coord_url_008/,65,71,Account13,Account19,84,Fast (1-5min)
https://www.facebook.com/coord_url_008/,65,72,Account13,Account20,98,Fast (1-5min)
https://www.facebook.com/coord_url_008/,66,67,Account14,Account15,14,Very Fast (0-60s)
https://www.facebook.com/coord_url_008/,66,68,Account14,Account16,28,Very Fast (0-60s)
https://www.facebook.com/coord_url_008/,66,69,Account14,Account17,42,Very Fast (0-60s)
https://www.facebook.com/coord_url_008/,66,70,Account14,Account18,56,Very Fast (0-60s)
https://www.facebook.com/coord_url_008/,66,71,Account14,Account19,70,Fast (1-5min)
https://www.facebook.com/coord_url_008/,66,72,Account14,Account20,84,Fast (1-5min)
https://www.facebook.com/coord_url_008/,67,68,Account15,Account16,14,Very Fast (0-60s)
https://www.facebook.com/coord_url_008/,67,69,Account15,Account17,28,Very Fast (0-60s)
https://www.facebook.com/coord_url_008/,67,70,Account15,Account18,42,Very Fast (0-60s)
https://www.facebook.com/coord_url_008/,67,71,Account15,Account19,56,Very Fast (0-60s)
https://www.facebook.com/coord_url_008/,67,72,Account15,Account20,70,Fast (1-5min)
https://www.facebook.com/coord_url_008/,68,69,Account16,Account17,14,Very Fast (0-60s)
https://www.facebook.com/coord_url_008/,68,70,Account16,Account18,28,Very Fast (0-60s)
https://www.facebook.com/coord_url_008/,68,71,Account16,Account19,42,Very Fast (0-60s)
https://www.facebook.com/coord_url_008/,68,72,Account16,Account20,56,Very Fast (0-60s)
https://www.facebook.com/coord_url_008/,69,70,Account17,Account18,14,Very Fast (0-60s)
https://www.facebook.com/coord_url_008/,69,71,Account17,Account19,28,Very Fast (0-60s)
https://www.facebook.com/coord_url_008/,69,72,Account17,Account20,42,Very Fast (0-60s)
https://www.facebook.com/coord_url_008/,70,71,Account18,Account19,14,Very Fast (0-60s)
https://www.facebook.com/coord_url_008/,70,72,Account18,Account20,28,Very Fast (0-60s)
https://www.facebook.com/coord_url_008/,71,72,Account19,Account20,14,Very Fast (0-60s)
https://www.facebook.com/coord_url_009/,73,74,Account01,Account05,15,Very Fast (0-60s)
https://www.facebook.com/coord_url_009/,73,75,Account01,Account09,30,Very Fast (0-60s)
https://www.facebook.com/coord_url_009/,73,76,Account01,Account13,45,Very Fast (0-60s)
https://www.facebook.com/coord_url_009/,73,77,Account01,Account17,60,Very Fast (0-60s)
https://www.facebook.com/coord_url_009/,73,78,Account01,Account02,75,Fast (1-5min)
https://www.facebook.com/coord_url_009/,73,79,Account01,Account06,90,Fast (1-5min)
https://www.facebook.com/coord_url_009/,73,80,Account01,Account10,105,Fast (1-5min)
https://www.facebook.com/coord_url_009/,74,75,Account05,Account09,15,Very Fast (0-60s)
https://www.facebook.com/coord_url_009/,74,76,Account05,Account13,30,Very Fast (0-60s)
https://www.facebook.com/coord_url_009/,74,77,Account05,Account17,45,Very Fast (0-60s)
https://www.facebook.com/coord_url_009/,74,78,Account05,Account02,60,Very Fast (0-60s)
https://www.facebook.com/coord_url_009/,74,79,Account05,Account06,75,Fast (1-5min)
https://www.facebook.com/coord_url_009/,74,80,Account05,Account10,90,Fast (1-5min)
https://www.facebook.com/coord_url_009/,75,76,Account09,Account13,15,Very Fast (0-60s)
https://www.facebook.com/coord_url_009/,75,77,Account09,Account17,30,Very Fast (0-60s)
https://www.facebook.com/coord_url_009/,75,78,Account09,Account02,45,Very Fast (0-60s)
https://www.facebook.com/coord_url_009/,75,79,Account09,Account06,60,Very Fast (0-60s)
https://www.facebook.com/coord_url_009/,75,80,Account09,Account10,75,Fast (1-5min)
https://www.facebook.com/coord_url_009/,76,77,Account13,Account17,15,Very Fast (0-60s)
https://www.facebook.com/coord_url_009/,76,78,Account13,Account02,30,Very Fast (0-60s)
https://www.facebook.com/coord_url_009/,76,79,Account13,Account06,45,Very Fast (0-60s)
https://www.facebook.com/coord_url_009/,76,80,Account13,Account10,60,Very Fast (0-60s)
https://www.facebook.com/coord_url_009/,77,78,Account17,Account02,15,Very Fast (0-60s)
https://www.facebook.com/coord_url_009/,77,79,Account17,Account06,30,Very Fast (0-60s)
https://www.facebook.com/coord_url_009/,77,80,Account17,Account10,45,Very Fast (0-60s)
https://www.facebook.com/coord_url_009/,78,79,Account02,Account06,15,Very Fast (0-60s)
https://www.facebook.com/coord_url_009/,78,80,Account02,Account10,30,Very Fast (0-60s)
https://www.facebook.com/coord_url_009/,79,80,Account06,Account10,15,Very Fast (0-60s)
https://www.facebook.com/coord_url_010/,81,82,Account03,Account07,12,Very Fast (0-60s)
https://www.facebook.com/coord_url_010/,81,83,Account03,Account11,24,Very Fast (0-60s)
https://www.facebook.com/coord_url_010/,81,84,Account03,Account15,36,Very Fast (0-60s)
https://www.facebook.com/coord_url_010/,81,85,Account03,Account19,48,Very Fast (0-60s)
https://www.facebook.com/coord_url_010/,81,86,Account03,Account04,60,Very Fast (0-60s)
https://www.facebook.com/coord_url_010/,81,87,Account03,Account08,72,Fast (1-5min)
https://www.facebook.com/coord_url_010/,81,88,Account03,Account12,84,Fast (1-5min)
https://www.facebook.com/coord_url_010/,81,89,Account03,Account16,96,Fast (1-5min)
https://www.facebook.com/coord_url_010/,81,90,Account03,Account20,108,Fast (1-5min)
https://www.facebook.com/coord_url_010/,82,83,Account07,Account11,12,Very Fast (0-60s)
https://www.facebook.com/coord_url_010/,82,84,Account07,Account15,24,Very Fast (0-60s)
https://www.facebook.com/coord_url_010/,82,85,Account07,Account19,36,Very Fast (0-60s)
https://www.facebook.com/coord_url_010/,82,86,Account07,Account04,48,Very Fast (0-60s)
https://www.facebook.com/coord_url_010/,82,87,Account07,Account08,60,Very Fast (0-60s)
https://www.facebook.com/coord_url_010/,82,88,Account07,Account12,72,Fast (1-5min)
https://www.facebook.com/coord_url_010/,82,89,Account07,Account16,84,Fast (1-5min)
https://www.facebook.com/coord_url_010/,82,90,Account07,Account20,96,Fast (1-5min)
https://www.facebook.com/coord_url_010/,83,84,Account11,Account15,12,Very Fast (0-60s)
https://www.facebook.com/coord_url_010/,83,85,Account11,Account19,24,Very Fast (0-60s)
https://www.facebook.com/coord_url_010/,83,86,Account11,Account04,36,Very Fast (0-60s)
https://www.facebook.com/coord_url_010/,83,87,Account11,Account08,48,Very Fast (0-60s)
https://www.facebook.com/coord_url_010/,83,88,Account11,Account12,60,Very Fast (0-60s)
https://www.facebook.com/coord_url_010/,83,89,Account11,Account16,72,Fast (1-5min)
https://www.facebook.com/coord_url_010/,83,90,Account11,Account20,84,Fast (1-5min)
https://www.facebook.com/coord_url_010/,84,85,Account15,Account19,12,Very Fast (0-60s)
https://www.facebook.com/coord_url_010/,84,86,Account15,Account04,24,Very Fast (0-60s)
https://www.facebook.com/coord_url_010/,84,87,Account15,Account08,36,Very Fast (0-60s)
https://www.facebook.com/coord_url_010/,84,88,Account15,Account12,48,Very Fast (0-60s)
https://www.facebook.com/coord_url_010/,84,89,Account15,Account16,60,Very Fast (0-60s)
https://www.facebook.com/coord_url_010/,84,90,Account15,Account20,72,Fast (1-5min)
https://www.facebook.com/coord_url_010/,85,86,Account19,Account04,12,Very Fast (0-60s)
https://www.facebook.com/coord_url_010/,85,87,Account19,Account08,24,Very Fast (0-60s)
https://www.facebook.com/coord_url_010/,85,88,Account19,Account12,36,Very Fast (0-60s)
https://www.facebook.com/coord_url_010/,85,89,Account19,Account16,48,Very Fast (0-60s)
https://www.facebook.com/coord_url_010/,85,90,Account19,Account20,60,Very Fast (0-60s)
https://www.facebook.com/coord_url_010/,86,87,Account04,Account08,12,Very Fast (0-60s)
https://www.facebook.com/coord_url_010/,86,88,Account04,Account12,24,Very Fast (0-60s)
https://www.facebook.com/coord_url_010/,86,89,Account04,Account16,36,Very Fast (0-60s)
https://www.facebook.com/coord_url_010/,86,90,Account04,Account20,48,Very Fast (0-60s)
https://www.facebook.com/coord_url_010/,87,88,Account08,Account12,12,Very Fast (0-60s)
https://www.facebook.com/coord_url_010/,87,89,Account08,Account16,24,Very Fast (0-60s)
https://www.facebook.com/coord_url_010/,87,90,Account08,Account20,36,Very Fast (0-60s)
https://www.facebook.com/coord_url_010/,88,89,Account12,Account16,12,Very Fast (0-60s)
https://www.facebook.com/coord_url_010/,88,90,Account12,Account20,24,Very Fast (0-60s)
https://www.facebook.com/coord_url_010/,89,90,Account16,Account20,12,Very Fast (0-60s)
https://www.facebook.com/coord_url_011/,91,92,Account01,Account06,18,Very Fast (0-60s)
https://www.facebook.com/coord_url_011/,91,93,Account01,Account11,36,Very Fast (0-60s)
https://www.facebook.com/coord_url_011/,91,94,Account01,Account16,54,Very Fast (0-60s)
https://www.facebook.com/coord_url_011/,91,95,Account01,Account02,72,Fast (1-5min)
https://www.facebook.com/coord_url_011/,91,96,Account01,Account07,90,Fast (1-5min)
https://www.facebook.com/coord_url_011/,91,97,Account01,Account12,108,Fast (1-5min)
https://www.facebook.com/coord_url_011/,91,98,Account01,Account17,126,Fast (1-5min)
https://www.facebook.com/coord_url_011/,92,93,Account06,Account11,18,Very Fast (0-60s)
https://www.facebook.com/coord_url_011/,92,94,Account06,Account16,36,Very Fast (0-60s)
https://www.facebook.com/coord_url_011/,92,95,Account06,Account02,54,Very Fast (0-60s)
https://www.facebook.com/coord_url_011/,92,96,Account06,Account07,72,Fast (1-5min)
https://www.facebook.com/coord_url_011/,92,97,Account06,Account12,90,Fast (1-5min)
https://www.facebook.com/coord_url_011/,92,98,Account06,Account17,108,Fast (1-5min)
https://www.facebook.com/coord_url_011/,93,94,Account11,Account16,18,Very Fast (0-60s)
https://www.facebook.com/coord_url_011/,93,95,Account11,Account02,36,Very Fast (0-60s)
https://www.facebook.com/coord_url_011/,93,96,Account11,Account07,54,Very Fast (0-60s)
https://www.facebook.com/coord_url_011/,93,97,Account11,Account12,72,Fast (1-5min)
https://www.facebook.com/coord_url_011/,93,98,Account11,Account17,90,Fast (1-5min)
https://www.facebook.com/coord_url_011/,94,95,Account16,Account02,18,Very Fast (0-60s)
https://www.facebook.com/coord_url_011/,94,96,Account16,Account07,36,Very Fast (0-60s)
https://www.facebook.com/coord_url_011/,94,97,Account16,Account12,54,Very Fast (0-60s)
https://www.facebook.com/coord_url_011/,94,98,Account16,Account17,72,Fast (1-5min)
https://www.facebook.com/coord_url_011/,95,96,Account02,Account07,18,Very Fast (0-60s)
https://www.facebook.com/coord_url_011/,95,97,Account02,Account12,36,Very Fast (0-60s)
https://www.facebook.com/coord_url_011/,95,98,Account02,Account17,54,Very Fast (0-60s)
https://www.facebook.com/coord_url_011/,96,97,Account07,Account12,18,Very Fast (0-60s)
https://www.facebook.com/coord_url_011/,96,98,Account07,Account17,36,Very Fast (0-60s)
https://www.facebook.com/coord_url_011/,97,98,Account12,Account17,18,Very Fast (0-60s)
https://www.facebook.com/coord_url_012/,99,100,Account03,Account04,10,Very Fast (0-60s)
https://www.facebook.com/coord_url_012/,99,101,Account03,Account05,20,Very Fast (0-60s)
https://www.facebook.com/coord_url_012/,99,102,Account03,Account06,30,Very Fast (0-60s)
https://www.facebook.com/coord_url_012/,99,103,Account03,Account07,40,Very Fast (0-60s)
https://www.facebook.com/coord_url_012/,99,104,Account03,Account08,50,Very Fast (0-60s)
https://www.facebook.com/coord_url_012/,99,105,Account03,Account09,60,Very Fast (0-60s)
https://www.facebook.com/coord_url_012/,99,106,Account03,Account10,70,Fast (1-5min)
https://www.facebook.com/coord_url_012/,99,107,Account03,Account11,80,Fast (1-5min)
https://www.facebook.com/coord_url_012/,99,108,Account03,Account12,90,Fast (1-5min)
https://www.facebook.com/coord_url_012/,99,109,Account03,Account13,100,Fast (1-5min)
https://www.facebook.com/coord_url_012/,99,110,Account03,Account14,110,Fast (1-5min)
https://www.facebook.com/coord_url_012/,99,111,Account03,Account15,120,Fast (1-5min)
https://www.facebook.com/coord_url_012/,99,112,Account03,Account16,130,Fast (1-5min)
https://www.facebook.com/coord_url_012/,99,113,Account03,Account17,140,Fast (1-5min)
https://www.facebook.com/coord_url_012/,99,114,Account03,Account18,150,Fast (1-5min)
https://www.facebook.com/coord_url_012/,99,115,Account03,Account19,160,Fast (1-5min)
https://www.facebook.com/coord_url_012/,99,116,Account03,Account20,170,Fast (1-5min)
https://www.facebook.com/coord_url_012/,100,101,Account04,Account05,10,Very Fast (0-60s)
https://www.facebook.com/coord_url_012/,100,102,Account04,Account06,20,Very Fast (0-60s)
https://www.facebook.com/coord_url_012/,100,103,Account04,Account07,30,Very Fast (0-60s)
https://www.facebook.com/coord_url_012/,100,104,Account04,Account08,40,Very Fast (0-60s)
https://www.facebook.com/coord_url_012/,100,105,Account04,Account09,50,Very Fast (0-60s)
https://www.facebook.com/coord_url_012/,100,106,Account04,Account10,60,Very Fast (0-60s)
https://www.facebook.com/coord_url_012/,100,107,Account04,Account11,70,Fast (1-5min)
https://www.facebook.com/coord_url_012/,100,108,Account04,Account12,80,Fast (1-5min)
https://www.facebook.com/coord_url_012/,100,109,Account04,Account13,90,Fast (1-5min)
https://www.facebook.com/coord_url_012/,100,110,Account04,Account14,100,Fast (1-5min)
https://www.facebook.com/coord_url_012/,100,111,Account04,Account15,110,Fast (1-5min)
https://www.facebook.com/coord_url_012/,100,112,Account04,Account16,120,Fast (1-5min)
https://www.facebook.com/coord_url_012/,100,113,Account04,Account17,130,Fast (1-5min)
https://www.facebook.com/coord_url_012/,100,114,Account04,Account18,140,Fast (1-5min)
https://www.facebook.com/coord_url_012/,100,115,Account04,Account19,150,Fast (1-5min)
https://www.facebook.com/coord_url_012/,100,116,Account04,Account20,160,Fast (1-5min)
https://www.facebook.com/coord_url_012/,101,102,Account05,Account06,10,Very Fast (0-60s)
https://www.facebook.com/coord_url_012/,101,103,Account05,Account07,20,Very Fast (0-60s)
https://www.facebook.com/coord_url_012/,101,104,Account05,Account08,30,Very Fast (0-60s)
https://www.facebook.com/coord_url_012/,101,105,Account05,Account09,40,Very Fast (0-60s)
https://www.facebook.com/coord_url_012/,101,106,Account05,Account10,50,Very Fast (0-60s)
https://www.facebook.com/coord_url_012/,101,107,Account05,Account11,60,Very Fast (0-60s)
https://www.facebook.com/coord_url_012/,101,108,Account05,Account12,70,Fast (1-5min)
https://www.facebook.com/coord_url_012/,101,109,Account05,Account13,80,Fast (1-5min)
https://www.facebook.com/coord_url_012/,101,110,Account05,Account14,90,Fast (1-5min)
https://www.facebook.com/coord_url_012/,101,111,Account05,Account15,100,Fast (1-5min)
https://www.facebook.com/coord_url_012/,101,112,Account05,Account16,110,Fast (1-5min)
https://www.facebook.com/coord_url_012/,101,113,Account05,Account17,120,Fast (1-5min)
https://www.facebook.com/coord_url_012/,101,114,Account05,Account18,130,Fast (1-5min)
https://www.facebook.com/coord_url_012/,101,115,Account05,Account19,140,Fast (1-5min)
https://www.facebook.com/coord_url_012/,101,116,Account05,Account20,150,Fast (1-5min)
https://www.facebook.com/coord_url_012/,102,103,Account06,Account07,10,Very Fast (0-60s)
https://www.facebook.com/coord_url_012/,102,104,Account06,Account08,20,Very Fast (0-60s)
https://www.facebook.com/coord_url_012/,102,105,Account06,Account09,30,Very Fast (0-60s)
https://www.facebook.com/coord_url_012/,102,106,Account06,Account10,40,Very Fast (0-60s)
https://www.facebook.com/coord_url_012/,102,107,Account06,Account11,50,Very Fast (0-60s)
https://www.facebook.com/coord_url_012/,102,108,Account06,Account12,60,Very Fast (0-60s)
https://www.facebook.com/coord_url_012/,102,109,Account06,Account13,70,Fast (1-5min)
https://www.facebook.com/coord_url_012/,102,110,Account06,Account14,80,Fast (1-5min)
https://www.facebook.com/coord_url_012/,102,111,Account06,Account15,90,Fast (1-5min)
https://www.facebook.com/coord_url_012/,102,112,Account06,Account16,100,Fast (1-5min)
https://www.facebook.com/coord_url_012/,102,113,Account06,Account17,110,Fast (1-5min)
https://www.facebook.com/coord_url_012/,102,114,Account06,Account18,120,Fast (1-5min)
https://www.facebook.com/coord_url_012/,102,115,Account06,Account19,130,Fast (1-5min)
https://www.facebook.com/coord_url_012/,102,116,Account06,Account20,140,Fast (1-5min)
https://www.facebook.com/coord_url_012/,103,104,Account07,Account08,10,Very Fast (0-60s)
https://www.facebook.com/coord_url_012/,103,105,Account07,Account09,20,Very Fast (0-60s)
https://www.facebook.com/coord_url_012/,103,106,Account07,Account10,30,Very Fast (0-60s)
https://www.facebook.com/coord_url_012/,103,107,Account07,Account11,40,Very Fast (0-60s)
https://www.facebook.com/coord_url_012/,103,108,Account07,Account12,50,Very Fast (0-60s)
https://www.facebook.com/coord_url_012/,103,109,Account07,Account13,60,Very Fast (0-60s)
https://www.facebook.com/coord_url_012/,103,110,Account07,Account14,70,Fast (1-5min)
https://www.facebook.com/coord_url_012/,103,111,Account07,Account15,80,Fast (1-5min)
https://www.facebook.com/coord_url_012/,103,112,Account07,Account16,90,Fast (1-5min)
https://www.facebook.com/coord_url_012/,103,113,Account07,Account17,100,Fast (1-5min)
https://www.facebook.com/coord_url_012/,103,114,Account07,Account18,110,Fast (1-5min)
https://www.facebook.com/coord_url_012/,103,115,Account07,Account19,120,Fast (1-5min)
https://www.facebook.com/coord_url_012/,103,116,Account07,Account20,130,Fast (1-5min)
https://www.facebook.com/coord_url_012/,104,105,Account08,Account09,10,Very Fast (0-60s)
https://www.facebook.com/coord_url_012/,104,106,Account08,Account10,20,Very Fast (0-60s)
https://www.facebook.com/coord_url_012/,104,107,Account08,Account11,30,Very Fast (0-60s)
https://www.facebook.com/coord_url_012/,104,108,Account08,Account12,40,Very Fast (0-60s)
https://www.facebook.com/coord_url_012/,104,109,Account08,Account13,50,Very Fast (0-60s)
https://www.facebook.com/coord_url_012/,104,110,Account08,Account14,60,Very Fast (0-60s)
https://www.facebook.com/coord_url_012/,104,111,Account08,Account15,70,Fast (1-5min)
https://www.facebook.com/coord_url_012/,104,112,Account08,Account16,80,Fast (1-5min)
https://www.facebook.com/coord_url_012/,104,113,Account08,Account17,90,Fast (1-5min)
https://www.facebook.com/coord_url_012/,104,114,Account08,Account18,100,Fast (1-5min)
https://www.facebook.com/coord_url_012/,104,115,Account08,Account19,110,Fast (1-5min)
https://www.facebook.com/coord_url_012/,104,116,Account08,Account20,120,Fast (1-5min)
https://www.facebook.com/coord_url_012/,105,106,Account09,Account10,10,Very Fast (0-60s)
https://www.facebook.com/coord_url_012/,105,107,Account09,Account11,20,Very Fast (0-60s)
https://www.facebook.com/coord_url_012/,105,108,Account09,Account12,30,Very Fast (0-60s)
https://www.facebook.com/coord_url_012/,105,109,Account09,Account13,40,Very Fast (0-60s)
https://www.facebook.com/coord_url_012/,105,110,Account09,Account14,50,Very Fast (0-60s)
https://www.facebook.com/coord_url_012/,105,111,Account09,Account15,60,Very Fast (0-60s)
https://www.facebook.com/coord_url_012/,105,112,Account09,Account16,70,Fast (1-5min)
https://www.facebook.com/coord_url_012/,105,113,Account09,Account17,80,Fast (1-5min)
https://www.facebook.com/coord_url_012/,105,114,Account09,Account18,90,Fast (1-5min)
https://www.facebook.com/coord_url_012/,105,115,Account09,Account19,100,Fast (1-5min)
https://www.facebook.com/coord_url_012/,105,116,Account09,Account20,110,Fast (1-5min)
https://www.facebook.com/coord_url_012/,106,107,Account10,Account11,10,Very Fast (0-60s)
https://www.facebook.com/coord_url_012/,106,108,Account10,Account12,20,Very Fast (0-60s)
https://www.facebook.com/coord_url_012/,106,109,Account10,Account13,30,Very Fast (0-60s)
https://www.facebook.com/coord_url_012/,106,110,Account10,Account14,40,Very Fast (0-60s)
https://www.facebook.com/coord_url_012/,106,111,Account10,Account15,50,Very Fast (0-60s)
https://www.facebook.com/coord_url_012/,106,112,Account10,Account16,60,Very Fast (0-60s)
https://www.facebook.com/coord_url_012/,106,113,Account10,Account17,70,Fast (1-5min)
https://www.facebook.com/coord_url_012/,106,114,Account10,Account18,80,Fast (1-5min)
https://www.facebook.com/coord_url_012/,106,115,Account10,Account19,90,Fast (1-5min)
https://www.facebook.com/coord_url_012/,106,116,Account10,Account20,100,Fast (1-5min)
https://www.facebook.com/coord_url_012/,107,108,Account11,Account12,10,Very Fast (0-60s)
https://www.facebook.com/coord_url_012/,107,109,Account11,Account13,20,Very Fast (0-60s)
https://www.facebook.com/coord_url_012/,107,110,Account11,Account14,30,Very Fast (0-60s)
https://www.facebook.com/coord_url_012/,107,111,Account11,Account15,40,Very Fast (0-60s)
https://www.facebook.com/coord_url_012/,107,112,Account11,Account16,50,Very Fast (0-60s)
https://www.facebook.com/coord_url_012/,107,113,Account11,Account17,60,Very Fast (0-60s)
https://www.facebook.com/coord_url_012/,107,114,Account11,Account18,70,Fast (1-5min)
https://www.facebook.com/coord_url_012/,107,115,Account11,Account19,80,Fast (1-5min)
https://www.facebook.com/coord_url_012/,107,116,Account11,Account20,90,Fast (1-5min)
https://www.facebook.com/coord_url_012/,108,109,Account12,Account13,10,Very Fast (0-60s)
https://www.facebook.com/coord_url_012/,108,110,Account12,Account14,20,Very Fast (0-60s)
https://www.facebook.com/coord_url_012/,108,111,Account12,Account15,30,Very Fast (0-60s)
https://www.facebook.com/coord_url_012/,108,112,Account12,Account16,40,Very Fast (0-60s)
https://www.facebook.com/coord_url_012/,108,113,Account12,Account17,50,Very Fast (0-60s)
https://www.facebook.com/coord_url_012/,108,114,Account12,Account18,60,Very Fast (0-60s)
https://www.facebook.com/coord_url_012/,108,115,Account12,Account19,70,Fast (1-5min)
https://www.facebook.com/coord_url_012/,108,116,Account12,Account20,80,Fast (1-5min)
https://www.facebook.com/coord_url_012/,109,110,Account13,Account14,10,Very Fast (0-60s)
https://www.facebook.com/coord_url_012/,109,111,Account13,Account15,20,Very Fast (0-60s)
https://www.facebook.com/coord_url_012/,109,112,Account13,Account16,30,Very Fast (0-60s)
https://www.facebook.com/coord_url_012/,109,113,Account13,Account17,40,Very Fast (0-60s)
https://www.facebook.com/coord_url_012/,109,114,Account13,Account18,50,Very Fast (0-60s)
https://www.facebook.com/coord_url_012/,109,115,Account13,Account19,60,Very Fast (0-60s)
https://www.facebook.com/coord_url_012/,109,116,Account13,Account20,70,Fast (1-5min)
https://www.facebook.com/coord_url_012/,110,111,Account14,Account15,10,Very Fast (0-60s)
https://www.facebook.com/coord_url_012/,110,112,Account14,Account16,20,Very Fast (0-60s)
https://www.facebook.com/coord_url_012/,110,113,Account14,Account17,30,Very Fast (0-60s)
https://www.facebook.com/coord_url_012/,110,114,Account14,Account18,40,Very Fast (0-60s)
https://www.facebook.com/coord_url_012/,110,115,Account14,Account19,50,Very Fast (0-60s)
https://www.facebook.com/coord_url_012/,110,116,Account14,Account20,60,Very Fast (0-60s)
https://www.facebook.com/coord_url_012/,111,112,Account15,Account16,10,Very Fast (0-60s)
https://www.facebook.com/coord_url_012/,111,113,Account15,Account17,20,Very Fast (0-60s)
https://www.facebook.com/coord_url_012/,111,114,Account15,Account18,30,Very Fast (0-60s)
https://www.facebook.com/coord_url_012/,111,115,Account15,Account19,40,Very Fast (0-60s)
https://www.facebook.com/coord_url_012/,111,116,Account15,Account20,50,Very Fast (0-60s)
https://www.facebook.com/coord_url_012/,112,113,Account16,Account17,10,Very Fast (0-60s)
https://www.facebook.com/coord_url_012/,112,114,Account16,Account18,20,Very Fast (0-60s)
https://www.facebook.com/coord_url_012/,112,115,Account16,Account19,30,Very Fast (0-60s)
https://www.facebook.com/coord_url_012/,112,116,Account16,Account20,40,Very Fast (0-60s)
https://www.facebook.com/coord_url_012/,113,114,Account17,Account18,10,Very Fast (0-60s)
https://www.facebook.com/coord_url_012/,113,115,Account17,Account19,20,Very Fast (0-60s)
https://www.facebook.com/coord_url_012/,113,116,Account17,Account20,30,Very Fast (0-60s)
https://www.facebook.com/coord_url_012/,114,115,Account18,Account19,10,Very Fast (0-60s)
https://www.facebook.com/coord_url_012/,114,116,Account18,Account20,20,Very Fast (0-60s)
https://www.facebook.com/coord_url_012/,115,116,Account19,Account20,10,Very Fast (0-60s)
https://www.facebook.com/coord_url_013/,117,118,Account08,Account09,16,Very Fast (0-60s)
https://www.facebook.com/coord_url_013/,117,119,Account08,Account10,32,Very Fast (0-60s)
https://www.facebook.com/coord_url_013/,117,120,Account08,Account11,48,Very Fast (0-60s)
https://www.facebook.com/coord_url_013/,117,121,Account08,Account12,64,Fast (1-5min)
https://www.facebook.com/coord_url_013/,117,122,Account08,Account13,80,Fast (1-5min)
https://www.facebook.com/coord_url_013/,118,119,Account09,Account10,16,Very Fast (0-60s)
https://www.facebook.com/coord_url_013/,118,120,Account09,Account11,32,Very Fast (0-60s)
https://www.facebook.com/coord_url_013/,118,121,Account09,Account12,48,Very Fast (0-60s)
https://www.facebook.com/coord_url_013/,118,122,Account09,Account13,64,Fast (1-5min)
https://www.facebook.com/coord_url_013/,119,120,Account10,Account11,16,Very Fast (0-60s)
https://www.facebook.com/coord_url_013/,119,121,Account10,Account12,32,Very Fast (0-60s)
https://www.facebook.com/coord_url_013/,119,122,Account10,Account13,48,Very Fast (0-60s)
https://www.facebook.com/coord_url_013/,120,121,Account11,Account12,16,Very Fast (0-60s)
https://www.facebook.com/coord_url_013/,120,122,Account11,Account13,32,Very Fast (0-60s)
https://www.facebook.com/coord_url_013/,121,122,Account12,Account13,16,Very Fast (0-60s)
https://www.facebook.com/coord_url_014/,123,124,Account14,Account15,14,Very Fast (0-60s)
https://www.facebook.com/coord_url_014/,123,125,Account14,Account16,28,Very Fast (0-60s)
https://www.facebook.com/coord_url_014/,123,126,Account14,Account17,42,Very Fast (0-60s)
https://www.facebook.com/coord_url_014/,123,127,Account14,Account18,56,Very Fast (0-60s)
https://www.facebook.com/coord_url_014/,123,128,Account14,Account19,70,Fast (1-5min)
https://www.facebook.com/coord_url_014/,123,129,Account14,Account20,84,Fast (1-5min)
https://www.facebook.com/coord_url_014/,123,130,Account14,Account01,98,Fast (1-5min)
https://www.facebook.com/coord_url_014/,124,125,Account15,Account16,14,Very Fast (0-60s)
https://www.facebook.com/coord_url_014/,124,126,Account15,Account17,28,Very Fast (0-60s)
https://www.facebook.com/coord_url_014/,124,127,Account15,Account18,42,Very Fast (0-60s)
https://www.facebook.com/coord_url_014/,124,128,Account15,Account19,56,Very Fast (0-60s)
https://www.facebook.com/coord_url_014/,124,129,Account15,Account20,70,Fast (1-5min)
https://www.facebook.com/coord_url_014/,124,130,Account15,Account01,84,Fast (1-5min)
https://www.facebook.com/coord_url_014/,125,126,Account16,Account17,14,Very Fast (0-60s)
https://www.facebook.com/coord_url_014/,125,127,Account16,Account18,28,Very Fast (0-60s)
https://www.facebook.com/coord_url_014/,125,128,Account16,Account19,42,Very Fast (0-60s)
https://www.facebook.com/coord_url_014/,125,129,Account16,Account20,56,Very Fast (0-60s)
https://www.facebook.com/coord_url_014/,125,130,Account16,Account01,70,Fast (1-5min)
https://www.facebook.com/coord_url_014/,126,127,Account17,Account18,14,Very Fast (0-60s)
https://www.facebook.com/coord_url_014/,126,128,Account17,Account19,28,Very Fast (0-60s)
https://www.facebook.com/coord_url_014/,126,129,Account17,Account20,42,Very Fast (0-60s)
https://www.facebook.com/coord_url_014/,126,130,Account17,Account01,56,Very Fast (0-60s)
https://www.facebook.com/coord_url_014/,127,128,Account18,Account19,14,Very Fast (0-60s)
https://www.facebook.com/coord_url_014/,127,129,Account18,Account20,28,Very Fast (0-60s)
https://www.facebook.com/coord_url_014/,127,130,Account18,Account01,42,Very Fast (0-60s)
https://www.facebook.com/coord_url_014/,128,129,Account19,Account20,14,Very Fast (0-60s)
https://www.facebook.com/coord_url_014/,128,130,Account19,Account01,28,Very Fast (0-60s)
https://www.facebook.com/coord_url_014/,129,130,Account20,Account01,14,Very Fast (0-60s)
https://www.facebook.com/coord_url_015/,131,132,Account01,Account02,8,Very Fast (0-60s)
https://www.facebook.com/coord_url_015/,131,133,Account01,Account03,16,Very Fast (0-60s)
https://www.facebook.com/coord_url_015/,131,134,Account01,Account04,24,Very Fast (0-60s)
https://www.facebook.com/coord_url_015/,131,135,Account01,Account05,32,Very Fast (0-60s)
https://www.facebook.com/coord_url_015/,131,136,Account01,Account06,40,Very Fast (0-60s)
https://www.facebook.com/coord_url_015/,131,137,Account01,Account07,48,Very Fast (0-60s)
https://www.facebook.com/coord_url_015/,131,138,Account01,Account08,56,Very Fast (0-60s)
https://www.facebook.com/coord_url_015/,131,139,Account01,Account09,64,Fast (1-5min)
https://www.facebook.com/coord_url_015/,131,140,Account01,Account10,72,Fast (1-5min)
https://www.facebook.com/coord_url_015/,131,141,Account01,Account11,80,Fast (1-5min)
https://www.facebook.com/coord_url_015/,131,142,Account01,Account12,88,Fast (1-5min)
https://www.facebook.com/coord_url_015/,131,143,Account01,Account13,96,Fast (1-5min)
https://www.facebook.com/coord_url_015/,131,144,Account01,Account14,104,Fast (1-5min)
https://www.facebook.com/coord_url_015/,131,145,Account01,Account15,112,Fast (1-5min)
https://www.facebook.com/coord_url_015/,131,146,Account01,Account16,120,Fast (1-5min)
https://www.facebook.com/coord_url_015/,131,147,Account01,Account17,128,Fast (1-5min)
https://www.facebook.com/coord_url_015/,131,148,Account01,Account18,136,Fast (1-5min)
https://www.facebook.com/coord_url_015/,131,149,Account01,Account19,144,Fast (1-5min)
https://www.facebook.com/coord_url_015/,131,150,Account01,Account20,152,Fast (1-5min)
https://www.facebook.com/coord_url_015/,132,133,Account02,Account03,8,Very Fast (0-60s)
https://www.facebook.com/coord_url_015/,132,134,Account02,Account04,16,Very Fast (0-60s)
https://www.facebook.com/coord_url_015/,132,135,Account02,Account05,24,Very Fast (0-60s)
https://www.facebook.com/coord_url_015/,132,136,Account02,Account06,32,Very Fast (0-60s)
https://www.facebook.com/coord_url_015/,132,137,Account02,Account07,40,Very Fast (0-60s)
https://www.facebook.com/coord_url_015/,132,138,Account02,Account08,48,Very Fast (0-60s)
https://www.facebook.com/coord_url_015/,132,139,Account02,Account09,56,Very Fast (0-60s)
https://www.facebook.com/coord_url_015/,132,140,Account02,Account10,64,Fast (1-5min)
https://www.facebook.com/coord_url_015/,132,141,Account02,Account11,72,Fast (1-5min)
https://www.facebook.com/coord_url_015/,132,142,Account02,Account12,80,Fast (1-5min)
https://www.facebook.com/coord_url_015/,132,143,Account02,Account13,88,Fast (1-5min)
https://www.facebook.com/coord_url_015/,132,144,Account02,Account14,96,Fast (1-5min)
https://www.facebook.com/coord_url_015/,132,145,Account02,Account15,104,Fast (1-5min)
https://www.facebook.com/coord_url_015/,132,146,Account02,Account16,112,Fast (1-5min)
https://www.facebook.com/coord_url_015/,132,147,Account02,Account17,120,Fast (1-5min)
https://www.facebook.com/coord_url_015/,132,148,Account02,Account18,128,Fast (1-5min)
https://www.facebook.com/coord_url_015/,132,149,Account02,Account19,136,Fast (1-5min)
https://www.facebook.com/coord_url_015/,132,150,Account02,Account20,144,Fast (1-5min)
https://www.facebook.com/coord_url_015/,133,134,Account03,Account04,8,Very Fast (0-60s)
https://www.facebook.com/coord_url_015/,133,135,Account03,Account05,16,Very Fast (0-60s)
https://www.facebook.com/coord_url_015/,133,136,Account03,Account06,24,Very Fast (0-60s)
https://www.facebook.com/coord_url_015/,133,137,Account03,Account07,32,Very Fast (0-60s)
https://www.facebook.com/coord_url_015/,133,138,Account03,Account08,40,Very Fast (0-60s)
https://www.facebook.com/coord_url_015/,133,139,Account03,Account09,48,Very Fast (0-60s)
https://www.facebook.com/coord_url_015/,133,140,Account03,Account10,56,Very Fast (0-60s)
https://www.facebook.com/coord_url_015/,133,141,Account03,Account11,64,Fast (1-5min)
https://www.facebook.com/coord_url_015/,133,142,Account03,Account12,72,Fast (1-5min)
https://www.facebook.com/coord_url_015/,133,143,Account03,Account13,80,Fast (1-5min)
https://www.facebook.com/coord_url_015/,133,144,Account03,Account14,88,Fast (1-5min)
https://www.facebook.com/coord_url_015/,133,145,Account03,Account15,96,Fast (1-5min)
https://www.facebook.com/coord_url_015/,133,146,Account03,Account16,104,Fast (1-5min)
https://www.facebook.com/coord_url_015/,133,147,Account03,Account17,112,Fast (1-5min)
https://www.facebook.com/coord_url_015/,133,148,Account03,Account18,120,Fast (1-5min)
https://www.facebook.com/coord_url_015/,133,149,Account03,Account19,128,Fast (1-5min)
https://www.facebook.com/coord_url_015/,133,150,Account03,Account20,136,Fast (1-5min)
https://www.facebook.com/coord_url_015/,134,135,Account04,Account05,8,Very Fast (0-60s)
https://www.facebook.com/coord_url_015/,134,136,Account04,Account06,16,Very Fast (0-60s)
https://www.facebook.com/coord_url_015/,134,137,Account04,Account07,24,Very Fast (0-60s)
https://www.facebook.com/coord_url_015/,134,138,Account04,Account08,32,Very Fast (0-60s)
https://www.facebook.com/coord_url_015/,134,139,Account04,Account09,40,Very Fast (0-60s)
https://www.facebook.com/coord_url_015/,134,140,Account04,Account10,48,Very Fast (0-60s)
https://www.facebook.com/coord_url_015/,134,141,Account04,Account11,56,Very Fast (0-60s)
https://www.facebook.com/coord_url_015/,134,142,Account04,Account12,64,Fast (1-5min)
https://www.facebook.com/coord_url_015/,134,143,Account04,Account13,72,Fast (1-5min)
https://www.facebook.com/coord_url_015/,134,144,Account04,Account14,80,Fast (1-5min)
https://www.facebook.com/coord_url_015/,134,145,Account04,Account15,88,Fast (1-5min)
https://www.facebook.com/coord_url_015/,134,146,Account04,Account16,96,Fast (1-5min)
https://www.facebook.com/coord_url_015/,134,147,Account04,Account17,104,Fast (1-5min)
https://www.facebook.com/coord_url_015/,134,148,Account04,Account18,112,Fast (1-5min)
https://www.facebook.com/coord_url_015/,134,149,Account04,Account19,120,Fast (1-5min)
https://www.facebook.com/coord_url_015/,134,150,Account04,Account20,128,Fast (1-5min)
https://www.facebook.com/coord_url_015/,135,136,Account05,Account06,8,Very Fast (0-60s)
https://www.facebook.com/coord_url_015/,135,137,Account05,Account07,16,Very Fast (0-60s)
https://www.facebook.com/coord_url_015/,135,138,Account05,Account08,24,Very Fast (0-60s)
https://www.facebook.com/coord_url_015/,135,139,Account05,Account09,32,Very Fast (0-60s)
https://www.facebook.com/coord_url_015/,135,140,Account05,Account10,40,Very Fast (0-60s)
https://www.facebook.com/coord_url_015/,135,141,Account05,Account11,48,Very Fast (0-60s)
https://www.facebook.com/coord_url_015/,135,142,Account05,Account12,56,Very Fast (0-60s)
https://www.facebook.com/coord_url_015/,135,143,Account05,Account13,64,Fast (1-5min)
https://www.facebook.com/coord_url_015/,135,144,Account05,Account14,72,Fast (1-5min)
https://www.facebook.com/coord_url_015/,135,145,Account05,Account15,80,Fast (1-5min)
https://www.facebook.com/coord_url_015/,135,146,Account05,Account16,88,Fast (1-5min)
https://www.facebook.com/coord_url_015/,135,147,Account05,Account17,96,Fast (1-5min)
https://www.facebook.com/coord_url_015/,135,148,Account05,Account18,104,Fast (1-5min)
https://www.facebook.com/coord_url_015/,135,149,Account05,Account19,112,Fast (1-5min)
https://www.facebook.com/coord_url_015/,135,150,Account05,Account20,120,Fast (1-5min)
https://www.facebook.com/coord_url_015/,136,137,Account06,Account07,8,Very Fast (0-60s)
https://www.facebook.com/coord_url_015/,136,138,Account06,Account08,16,Very Fast (0-60s)
https://www.facebook.com/coord_url_015/,136,139,Account06,Account09,24,Very Fast (0-60s)
https://www.facebook.com/coord_url_015/,136,140,Account06,Account10,32,Very Fast (0-60s)
https://www.facebook.com/coord_url_015/,136,141,Account06,Account11,40,Very Fast (0-60s)
https://www.facebook.com/coord_url_015/,136,142,Account06,Account12,48,Very Fast (0-60s)
https://www.facebook.com/coord_url_015/,136,143,Account06,Account13,56,Very Fast (0-60s)
https://www.facebook.com/coord_url_015/,136,144,Account06,Account14,64,Fast (1-5min)
https://www.facebook.com/coord_url_015/,136,145,Account06,Account15,72,Fast (1-5min)
https://www.facebook.com/coord_url_015/,136,146,Account06,Account16,80,Fast (1-5min)
https://www.facebook.com/coord_url_015/,136,147,Account06,Account17,88,Fast (1-5min)
https://www.facebook.com/coord_url_015/,136,148,Account06,Account18,96,Fast (1-5min)
https://www.facebook.com/coord_url_015/,136,149,Account06,Account19,104,Fast (1-5min)
https://www.facebook.com/coord_url_015/,136,150,Account06,Account20,112,Fast (1-5min)
https://www.facebook.com/coord_url_015/,137,138,Account07,Account08,8,Very Fast (0-60s)
https://www.facebook.com/coord_url_015/,137,139,Account07,Account09,16,Very Fast (0-60s)
https://www.facebook.com/coord_url_015/,137,140,Account07,Account10,24,Very Fast (0-60s)
https://www.facebook.com/coord_url_015/,137,141,Account07,Account11,32,Very Fast (0-60s)
https://www.facebook.com/coord_url_015/,137,142,Account07,Account12,40,Very Fast (0-60s)
https://www.facebook.com/coord_url_015/,137,143,Account07,Account13,48,Very Fast (0-60s)
https://www.facebook.com/coord_url_015/,137,144,Account07,Account14,56,Very Fast (0-60s)
https://www.facebook.com/coord_url_015/,137,145,Account07,Account15,64,Fast (1-5min)
https://www.facebook.com/coord_url_015/,137,146,Account07,Account16,72,Fast (1-5min)
https://www.facebook.com/coord_url_015/,137,147,Account07,Account17,80,Fast (1-5min)
https://www.facebook.com/coord_url_015/,137,148,Account07,Account18,88,Fast (1-5min)
https://www.facebook.com/coord_url_015/,137,149,Account07,Account19,96,Fast (1-5min)
https://www.facebook.com/coord_url_015/,137,150,Account07,Account20,104,Fast (1-5min)
https://www.facebook.com/coord_url_015/,138,139,Account08,Account09,8,Very Fast (0-60s)
https://www.facebook.com/coord_url_015/,138,140,Account08,Account10,16,Very Fast (0-60s)
https://www.facebook.com/coord_url_015/,138,141,Account08,Account11,24,Very Fast (0-60s)
https://www.facebook.com/coord_url_015/,138,142,Account08,Account12,32,Very Fast (0-60s)
https://www.facebook.com/coord_url_015/,138,143,Account08,Account13,40,Very Fast (0-60s)
https://www.facebook.com/coord_url_015/,138,144,Account08,Account14,48,Very Fast (0-60s)
https://www.facebook.com/coord_url_015/,138,145,Account08,Account15,56,Very Fast (0-60s)
https://www.facebook.com/coord_url_015/,138,146,Account08,Account16,64,Fast (1-5min)
https://www.facebook.com/coord_url_015/,138,147,Account08,Account17,72,Fast (1-5min)
https://www.facebook.com/coord_url_015/,138,148,Account08,Account18,80,Fast (1-5min)
https://www.facebook.com/coord_url_015/,138,149,Account08,Account19,88,Fast (1-5min)
https://www.facebook.com/coord_url_015/,138,150,Account08,Account20,96,Fast (1-5min)
https://www.facebook.com/coord_url_015/,139,140,Account09,Account10,8,Very Fast (0-60s)
https://www.facebook.com/coord_url_015/,139,141,Account09,Account11,16,Very Fast (0-60s)
https://www.facebook.com/coord_url_015/,139,142,Account09,Account12,24,Very Fast (0-60s)
https://www.facebook.com/coord_url_015/,139,143,Account09,Account13,32,Very Fast (0-60s)
https://www.facebook.com/coord_url_015/,139,144,Account09,Account14,40,Very Fast (0-60s)
https://www.facebook.com/coord_url_015/,139,145,Account09,Account15,48,Very Fast (0-60s)
https://www.facebook.com/coord_url_015/,139,146,Account09,Account16,56,Very Fast (0-60s)
https://www.facebook.com/coord_url_015/,139,147,Account09,Account17,64,Fast (1-5min)
https://www.facebook.com/coord_url_015/,139,148,Account09,Account18,72,Fast (1-5min)
https://www.facebook.com/coord_url_015/,139,149,Account09,Account19,80,Fast (1-5min)
https://www.facebook.com/coord_url_015/,139,150,Account09,Account20,88,Fast (1-5min)
https://www.facebook.com/coord_url_015/,140,141,Account10,Account11,8,Very Fast (0-60s)
https://www.facebook.com/coord_url_015/,140,142,Account10,Account12,16,Very Fast (0-60s)
https://www.facebook.com/coord_url_015/,140,143,Account10,Account13,24,Very Fast (0-60s)
https://www.facebook.com/coord_url_015/,140,144,Account10,Account14,32,Very Fast (0-60s)
https://www.facebook.com/coord_url_015/,140,145,Account10,Account15,40,Very Fast (0-60s)
https://www.facebook.com/coord_url_015/,140,146,Account10,Account16,48,Very Fast (0-60s)
https://www.facebook.com/coord_url_015/,140,147,Account10,Account17,56,Very Fast (0-60s)
https://www.facebook.com/coord_url_015/,140,148,Account10,Account18,64,Fast (1-5min)
https://www.facebook.com/coord_url_015/,140,149,Account10,Account19,72,Fast (1-5min)
https://www.facebook.com/coord_url_015/,140,150,Account10,Account20,80,Fast (1-5min)
https://www.facebook.com/coord_url_015/,141,142,Account11,Account12,8,Very Fast (0-60s)
https://www.facebook.com/coord_url_015/,141,143,Account11,Account13,16,Very Fast (0-60s)
https://www.facebook.com/coord_url_015/,141,144,Account11,Account14,24,Very Fast (0-60s)
https://www.facebook.com/coord_url_015/,141,145,Account11,Account15,32,Very Fast (0-60s)
https://www.facebook.com/coord_url_015/,141,146,Account11,Account16,40,Very Fast (0-60s)
https://www.facebook.com/coord_url_015/,141,147,Account11,Account17,48,Very Fast (0-60s)
https://www.facebook.com/coord_url_015/,141,148,Account11,Account18,56,Very Fast (0-60s)
https://www.facebook.com/coord_url_015/,141,149,Account11,Account19,64,Fast (1-5min)
https://www.facebook.com/coord_url_015/,141,150,Account11,Account20,72,Fast (1-5min)
https://www.facebook.com/coord_url_015/,142,143,Account12,Account13,8,Very Fast (0-60s)
https://www.facebook.com/coord_url_015/,142,144,Account12,Account14,16,Very Fast (0-60s)
https://www.facebook.com/coord_url_015/,142,145,Account12,Account15,24,Very Fast (0-60s)
https://www.facebook.com/coord_url_015/,142,146,Account12,Account16,32,Very Fast (0-60s)
https://www.facebook.com/coord_url_015/,142,147,Account12,Account17,40,Very Fast (0-60s)
https://www.facebook.com/coord_url_015/,142,148,Account12,Account18,48,Very Fast (0-60s)
https://www.facebook.com/coord_url_015/,142,149,Account12,Account19,56,Very Fast (0-60s)
https://www.facebook.com/coord_url_015/,142,150,Account12,Account20,64,Fast (1-5min)
https://www.facebook.com/coord_url_015/,143,144,Account13,Account14,8,Very Fast (0-60s)
https://www.facebook.com/coord_url_015/,143,145,Account13,Account15,16,Very Fast (0-60s)
https://www.facebook.com/coord_url_015/,143,146,Account13,Account16,24,Very Fast (0-60s)
https://www.facebook.com/coord_url_015/,143,147,Account13,Account17,32,Very Fast (0-60s)
https://www.facebook.com/coord_url_015/,143,148,Account13,Account18,40,Very Fast (0-60s)
https://www.facebook.com/coord_url_015/,143,149,Account13,Account19,48,Very Fast (0-60s)
https://www.facebook.com/coord_url_015/,143,150,Account13,Account20,56,Very Fast (0-60s)
https://www.facebook.com/coord_url_015/,144,145,Account14,Account15,8,Very Fast (0-60s)
https://www.facebook.com/coord_url_015/,144,146,Account14,Account16,16,Very Fast (0-60s)
https://www.facebook.com/coord_url_015/,144,147,Account14,Account17,24,Very Fast (0-60s)
https://www.facebook.com/coord_url_015/,144,148,Account14,Account18,32,Very Fast (0-60s)
https://www.facebook.com/coord_url_015/,144,149,Account14,Account19,40,Very Fast (0-60s)
https://www.facebook.com/coord_url_015/,144,150,Account14,Account20,48,Very Fast (0-60s)
https://www.facebook.com/coord_url_015/,145,146,Account15,Account16,8,Very Fast (0-60s)
https://www.facebook.com/coord_url_015/,145,147,Account15,Account17,16,Very Fast (0-60s)
https://www.facebook.com/coord_url_015/,145,148,Account15,Account18,24,Very Fast (0-60s)
https://www.facebook.com/coord_url_015/,145,149,Account15,Account19,32,Very Fast (0-60s)
https://www.facebook.com/coord_url_015/,145,150,Account15,Account20,40,Very Fast (0-60s)
https://www.facebook.com/coord_url_015/,146,147,Account16,Account17,8,Very Fast (0-60s)
https://www.facebook.com/coord_url_015/,146,148,Account16,Account18,16,Very Fast (0-60s)
https://www.facebook.com/coord_url_015/,146,149,Account16,Account19,24,Very Fast (0-60s)
https://www.facebook.com/coord_url_015/,146,150,Account16,Account20,32,Very Fast (0-60s)
https://www.facebook.com/coord_url_015/,147,148,Account17,Account18,8,Very Fast (0-60s)
https://www.facebook.com/coord_url_015/,147,149,Account17,Account19,16,Very Fast (0-60s)
https://www.facebook.com/coord_url_015/,147,150,Account17,Account20,24,Very Fast (0-60s)
https://www.facebook.com/coord_url_015/,148,149,Account18,Account19,8,Very Fast (0-60s)
https://www.facebook.com/coord_url_015/,148,150,Account18,Account20,16,Very Fast (0-60s)
https://www.facebook.com/coord_url_015/,149,150,Account19,Account20,8,Very Fast (0-60s)
https://www.facebook.com/coord_url_016/,151,152,Account02,Account04,15,Very Fast (0-60s)
https://www.facebook.com/coord_url_016/,151,153,Account02,Account06,30,Very Fast (0-60s)
https://www.facebook.com/coord_url_016/,151,154,Account02,Account08,45,Very Fast (0-60s)
https://www.facebook.com/coord_url_016/,151,155,Account02,Account10,60,Very Fast (0-60s)
https://www.facebook.com/coord_url_016/,151,156,Account02,Account12,75,Fast (1-5min)
https://www.facebook.com/coord_url_016/,151,157,Account02,Account14,90,Fast (1-5min)
https://www.facebook.com/coord_url_016/,151,158,Account02,Account16,105,Fast (1-5min)
https://www.facebook.com/coord_url_016/,151,159,Account02,Account18,120,Fast (1-5min)
https://www.facebook.com/coord_url_016/,151,160,Account02,Account20,135,Fast (1-5min)
https://www.facebook.com/coord_url_016/,152,153,Account04,Account06,15,Very Fast (0-60s)
https://www.facebook.com/coord_url_016/,152,154,Account04,Account08,30,Very Fast (0-60s)
https://www.facebook.com/coord_url_016/,152,155,Account04,Account10,45,Very Fast (0-60s)
https://www.facebook.com/coord_url_016/,152,156,Account04,Account12,60,Very Fast (0-60s)
https://www.facebook.com/coord_url_016/,152,157,Account04,Account14,75,Fast (1-5min)
https://www.facebook.com/coord_url_016/,152,158,Account04,Account16,90,Fast (1-5min)
https://www.facebook.com/coord_url_016/,152,159,Account04,Account18,105,Fast (1-5min)
https://www.facebook.com/coord_url_016/,152,160,Account04,Account20,120,Fast (1-5min)
https://www.facebook.com/coord_url_016/,153,154,Account06,Account08,15,Very Fast (0-60s)
https://www.facebook.com/coord_url_016/,153,155,Account06,Account10,30,Very Fast (0-60s)
https://www.facebook.com/coord_url_016/,153,156,Account06,Account12,45,Very Fast (0-60s)
https://www.facebook.com/coord_url_016/,153,157,Account06,Account14,60,Very Fast (0-60s)
https://www.facebook.com/coord_url_016/,153,158,Account06,Account16,75,Fast (1-5min)
https://www.facebook.com/coord_url_016/,153,159,Account06,Account18,90,Fast (1-5min)
https://www.facebook.com/coord_url_016/,153,160,Account06,Account20,105,Fast (1-5min)
https://www.facebook.com/coord_url_016/,154,155,Account08,Account10,15,Very Fast (0-60s)
https://www.facebook.com/coord_url_016/,154,156,Account08,Account12,30,Very Fast (0-60s)
https://www.facebook.com/coord_url_016/,154,157,Account08,Account14,45,Very Fast (0-60s)
https://www.facebook.com/coord_url_016/,154,158,Account08,Account16,60,Very Fast (0-60s)
https://www.facebook.com/coord_url_016/,154,159,Account08,Account18,75,Fast (1-5min)
https://www.facebook.com/coord_url_016/,154,160,Account08,Account20,90,Fast (1-5min)
https://www.facebook.com/coord_url_016/,155,156,Account10,Account12,15,Very Fast (0-60s)
https://www.facebook.com/coord_url_016/,155,157,Account10,Account14,30,Very Fast (0-60s)
https://www.facebook.com/coord_url_016/,155,158,Account10,Account16,45,Very Fast (0-60s)
https://www.facebook.com/coord_url_016/,155,159,Account10,Account18,60,Very Fast (0-60s)
https://www.facebook.com/coord_url_016/,155,160,Account10,Account20,75,Fast (1-5min)
https://www.facebook.com/coord_url_016/,156,157,Account12,Account14,15,Very Fast (0-60s)
https://www.facebook.com/coord_url_016/,156,158,Account12,Account16,30,Very Fast (0-60s)
https://www.facebook.com/coord_url_016/,156,159,Account12,Account18,45,Very Fast (0-60s)
https://www.facebook.com/coord_url_016/,156,160,Account12,Account20,60,Very Fast (0-60s)
https://www.facebook.com/coord_url_016/,157,158,Account14,Account16,15,Very Fast (0-60s)
https://www.facebook.com/coord_url_016/,157,159,Account14,Account18,30,Very Fast (0-60s)
https://www.facebook.com/coord_url_016/,157,160,Account14,Account20,45,Very Fast (0-60s)
https://www.facebook.com/coord_url_016/,158,159,Account16,Account18,15,Very Fast (0-60s)
https://www.facebook.com/coord_url_016/,158,160,Account16,Account20,30,Very Fast (0-60s)
https://www.facebook.com/coord_url_016/,159,160,Account18,Account20,15,Very Fast (0-60s)
https://www.facebook.com/coord_url_017/,161,162,Account01,Account03,12,Very Fast (0-60s)
https://www.facebook.com/coord_url_017/,161,163,Account01,Account05,24,Very Fast (0-60s)
https://www.facebook.com/coord_url_017/,161,164,Account01,Account07,36,Very Fast (0-60s)
https://www.facebook.com/coord_url_017/,161,165,Account01,Account09,48,Very Fast (0-60s)
https://www.facebook.com/coord_url_017/,161,166,Account01,Account11,60,Very Fast (0-60s)
https://www.facebook.com/coord_url_017/,161,167,Account01,Account13,72,Fast (1-5min)
https://www.facebook.com/coord_url_017/,161,168,Account01,Account15,84,Fast (1-5min)
https://www.facebook.com/coord_url_017/,161,169,Account01,Account17,96,Fast (1-5min)
https://www.facebook.com/coord_url_017/,161,170,Account01,Account19,108,Fast (1-5min)
https://www.facebook.com/coord_url_017/,162,163,Account03,Account05,12,Very Fast (0-60s)
https://www.facebook.com/coord_url_017/,162,164,Account03,Account07,24,Very Fast (0-60s)
https://www.facebook.com/coord_url_017/,162,165,Account03,Account09,36,Very Fast (0-60s)
https://www.facebook.com/coord_url_017/,162,166,Account03,Account11,48,Very Fast (0-60s)
https://www.facebook.com/coord_url_017/,162,167,Account03,Account13,60,Very Fast (0-60s)
https://www.facebook.com/coord_url_017/,162,168,Account03,Account15,72,Fast (1-5min)
https://www.facebook.com/coord_url_017/,162,169,Account03,Account17,84,Fast (1-5min)
https://www.facebook.com/coord_url_017/,162,170,Account03,Account19,96,Fast (1-5min)
https://www.facebook.com/coord_url_017/,163,164,Account05,Account07,12,Very Fast (0-60s)
https://www.facebook.com/coord_url_017/,163,165,Account05,Account09,24,Very Fast (0-60s)
https://www.facebook.com/coord_url_017/,163,166,Account05,Account11,36,Very Fast (0-60s)
https://www.facebook.com/coord_url_017/,163,167,Account05,Account13,48,Very Fast (0-60s)
https://www.facebook.com/coord_url_017/,163,168,Account05,Account15,60,Very Fast (0-60s)
https://www.facebook.com/coord_url_017/,163,169,Account05,Account17,72,Fast (1-5min)
https://www.facebook.com/coord_url_017/,163,170,Account05,Account19,84,Fast (1-5min)
https://www.facebook.com/coord_url_017/,164,165,Account07,Account09,12,Very Fast (0-60s)
https://www.facebook.com/coord_url_017/,164,166,Account07,Account11,24,Very Fast (0-60s)
https://www.facebook.com/coord_url_017/,164,167,Account07,Account13,36,Very Fast (0-60s)
https://www.facebook.com/coord_url_017/,164,168,Account07,Account15,48,Very Fast (0-60s)
https://www.facebook.com/coord_url_017/,164,169,Account07,Account17,60,Very Fast (0-60s)
https://www.facebook.com/coord_url_017/,164,170,Account07,Account19,72,Fast (1-5min)
https://www.facebook.com/coord_url_017/,165,166,Account09,Account11,12,Very Fast (0-60s)
https://www.facebook.com/coord_url_017/,165,167,Account09,Account13,24,Very Fast (0-60s)
https://www.facebook.com/coord_url_017/,165,168,Account09,Account15,36,Very Fast (0-60s)
https://www.facebook.com/coord_url_017/,165,169,Account09,Account17,48,Very Fast (0-60s)
https://www.facebook.com/coord_url_017/,165,170,Account09,Account19,60,Very Fast (0-60s)
https://www.facebook.com/coord_url_017/,166,167,Account11,Account13,12,Very Fast (0-60s)
https://www.facebook.com/coord_url_017/,166,168,Account11,Account15,24,Very Fast (0-60s)
https://www.facebook.com/coord_url_017/,166,169,Account11,Account17,36,Very Fast (0-60s)
https://www.facebook.com/coord_url_017/,166,170,Account11,Account19,48,Very Fast (0-60s)
https://www.facebook.com/coord_url_017/,167,168,Account13,Account15,12,Very Fast (0-60s)
https://www.facebook.com/coord_url_017/,167,169,Account13,Account17,24,Very Fast (0-60s)
https://www.facebook.com/coord_url_017/,167,170,Account13,Account19,36,Very Fast (0-60s)
https://www.facebook.com/coord_url_017/,168,169,Account15,Account17,12,Very Fast (0-60s)
https://www.facebook.com/coord_url_017/,168,170,Account15,Account19,24,Very Fast (0-60s)
https://www.facebook.com/coord_url_017/,169,170,Account17,Account19,12,Very Fast (0-60s)
https://www.facebook.com/coord_url_018/,171,172,Account05,Account06,10,Very Fast (0-60s)
https://www.facebook.com/coord_url_018/,171,173,Account05,Account07,20,Very Fast (0-60s)
https://www.facebook.com/coord_url_018/,171,174,Account05,Account08,30,Very Fast (0-60s)
https://www.facebook.com/coord_url_018/,171,175,Account05,Account09,40,Very Fast (0-60s)
https://www.facebook.com/coord_url_018/,171,176,Account05,Account10,50,Very Fast (0-60s)
https://www.facebook.com/coord_url_018/,171,177,Account05,Account11,60,Very Fast (0-60s)
https://www.facebook.com/coord_url_018/,171,178,Account05,Account12,70,Fast (1-5min)
https://www.facebook.com/coord_url_018/,172,173,Account06,Account07,10,Very Fast (0-60s)
https://www.facebook.com/coord_url_018/,172,174,Account06,Account08,20,Very Fast (0-60s)
https://www.facebook.com/coord_url_018/,172,175,Account06,Account09,30,Very Fast (0-60s)
https://www.facebook.com/coord_url_018/,172,176,Account06,Account10,40,Very Fast (0-60s)
https://www.facebook.com/coord_url_018/,172,177,Account06,Account11,50,Very Fast (0-60s)
https://www.facebook.com/coord_url_018/,172,178,Account06,Account12,60,Very Fast (0-60s)
https://www.facebook.com/coord_url_018/,173,174,Account07,Account08,10,Very Fast (0-60s)
https://www.facebook.com/coord_url_018/,173,175,Account07,Account09,20,Very Fast (0-60s)
https://www.facebook.com/coord_url_018/,173,176,Account07,Account10,30,Very Fast (0-60s)
https://www.facebook.com/coord_url_018/,173,177,Account07,Account11,40,Very Fast (0-60s)
https://www.facebook.com/coord_url_018/,173,178,Account07,Account12,50,Very Fast (0-60s)
https://www.facebook.com/coord_url_018/,174,175,Account08,Account09,10,Very Fast (0-60s)
https://www.facebook.com/coord_url_018/,174,176,Account08,Account10,20,Very Fast (0-60s)
https://www.facebook.com/coord_url_018/,174,177,Account08,Account11,30,Very Fast (0-60s)
https://www.facebook.com/coord_url_018/,174,178,Account08,Account12,40,Very Fast (0-60s)
https://www.facebook.com/coord_url_018/,175,176,Account09,Account10,10,Very Fast (0-60s)
https://www.facebook.com/coord_url_018/,175,177,Account09,Account11,20,Very Fast (0-60s)
https://www.facebook.com/coord_url_018/,175,178,Account09,Account12,30,Very Fast (0-60s)
https://www.facebook.com/coord_url_018/,176,177,Account10,Account11,10,Very Fast (0-60s)
https://www.facebook.com/coord_url_018/,176,178,Account10,Account12,20,Very Fast (0-60s)
https://www.facebook.com/coord_url_018/,177,178,Account11,Account12,10,Very Fast (0-60s)
https://www.facebook.com/coord_url_019/,179,180,Account13,Account14,14,Very Fast (0-60s)
https://www.facebook.com/coord_url_019/,179,181,Account13,Account15,28,Very Fast (0-60s)
https://www.facebook.com/coord_url_019/,179,182,Account13,Account16,42,Very Fast (0-60s)
https://www.facebook.com/coord_url_019/,179,183,Account13,Account17,56,Very Fast (0-60s)
https://www.facebook.com/coord_url_019/,179,184,Account13,Account18,70,Fast (1-5min)
https://www.facebook.com/coord_url_019/,179,185,Account13,Account19,84,Fast (1-5min)
https://www.facebook.com/coord_url_019/,179,186,Account13,Account20,98,Fast (1-5min)
https://www.facebook.com/coord_url_019/,180,181,Account14,Account15,14,Very Fast (0-60s)
https://www.facebook.com/coord_url_019/,180,182,Account14,Account16,28,Very Fast (0-60s)
https://www.facebook.com/coord_url_019/,180,183,Account14,Account17,42,Very Fast (0-60s)
https://www.facebook.com/coord_url_019/,180,184,Account14,Account18,56,Very Fast (0-60s)
https://www.facebook.com/coord_url_019/,180,185,Account14,Account19,70,Fast (1-5min)
https://www.facebook.com/coord_url_019/,180,186,Account14,Account20,84,Fast (1-5min)
https://www.facebook.com/coord_url_019/,181,182,Account15,Account16,14,Very Fast (0-60s)
https://www.facebook.com/coord_url_019/,181,183,Account15,Account17,28,Very Fast (0-60s)
https://www.facebook.com/coord_url_019/,181,184,Account15,Account18,42,Very Fast (0-60s)
https://www.facebook.com/coord_url_019/,181,185,Account15,Account19,56,Very Fast (0-60s)
https://www.facebook.com/coord_url_019/,181,186,Account15,Account20,70,Fast (1-5min)
https://www.facebook.com/coord_url_019/,182,183,Account16,Account17,14,Very Fast (0-60s)
https://www.facebook.com/coord_url_019/,182,184,Account16,Account18,28,Very Fast (0-60s)
https://www.facebook.com/coord_url_019/,182,185,Account16,Account19,42,Very Fast (0-60s)
https://www.facebook.com/coord_url_019/,182,186,Account16,Account20,56,Very Fast (0-60s)
https://www.facebook.com/coord_url_019/,183,184,Account17,Account18,14,Very Fast (0-60s)
https://www.facebook.com/coord_url_019/,183,185,Account17,Account19,28,Very Fast (0-60s)
https://www.facebook.com/coord_url_019/,183,186,Account17,Account20,42,Very Fast (0-60s)
https://www.facebook.com/coord_url_019/,184,185,Account18,Account19,14,Very Fast (0-60s)
https://www.facebook.com/coord_url_019/,184,186,Account18,Account20,28,Very Fast (0-60s)
https://www.facebook.com/coord_url_019/,185,186,Account19,Account20,14,Very Fast (0-60s)
https://www.facebook.com/coord_url_020/,187,188,Account01,Account02,6,Very Fast (0-60s)
https://www.facebook.com/coord_url_020/,187,189,Account01,Account03,12,Very Fast (0-60s)
https://www.facebook.com/coord_url_020/,187,190,Account01,Account04,18,Very Fast (0-60s)
https://www.facebook.com/coord_url_020/,187,191,Account01,Account05,24,Very Fast (0-60s)
https://www.facebook.com/coord_url_020/,187,192,Account01,Account06,30,Very Fast (0-60s)
https://www.facebook.com/coord_url_020/,187,193,Account01,Account07,36,Very Fast (0-60s)
https://www.facebook.com/coord_url_020/,187,194,Account01,Account08,42,Very Fast (0-60s)
https://www.facebook.com/coord_url_020/,187,195,Account01,Account09,48,Very Fast (0-60s)
https://www.facebook.com/coord_url_020/,187,196,Account01,Account10,54,Very Fast (0-60s)
https://www.facebook.com/coord_url_020/,187,197,Account01,Account11,60,Very Fast (0-60s)
https://www.facebook.com/coord_url_020/,187,198,Account01,Account12,66,Fast (1-5min)
https://www.facebook.com/coord_url_020/,187,199,Account01,Account13,72,Fast (1-5min)
https://www.facebook.com/coord_url_020/,187,200,Account01,Account14,78,Fast (1-5min)
https://www.facebook.com/coord_url_020/,187,201,Account01,Account15,84,Fast (1-5min)
https://www.facebook.com/coord_url_020/,187,202,Account01,Account16,90,Fast (1-5min)
https://www.facebook.com/coord_url_020/,187,203,Account01,Account17,96,Fast (1-5min)
https://www.facebook.com/coord_url_020/,187,204,Account01,Account18,102,Fast (1-5min)
https://www.facebook.com/coord_url_020/,187,205,Account01,Account19,108,Fast (1-5min)
https://www.facebook.com/coord_url_020/,187,206,Account01,Account20,114,Fast (1-5min)
https://www.facebook.com/coord_url_020/,188,189,Account02,Account03,6,Very Fast (0-60s)
https://www.facebook.com/coord_url_020/,188,190,Account02,Account04,12,Very Fast (0-60s)
https://www.facebook.com/coord_url_020/,188,191,Account02,Account05,18,Very Fast (0-60s)
https://www.facebook.com/coord_url_020/,188,192,Account02,Account06,24,Very Fast (0-60s)
https://www.facebook.com/coord_url_020/,188,193,Account02,Account07,30,Very Fast (0-60s)
https://www.facebook.com/coord_url_020/,188,194,Account02,Account08,36,Very Fast (0-60s)
https://www.facebook.com/coord_url_020/,188,195,Account02,Account09,42,Very Fast (0-60s)
https://www.facebook.com/coord_url_020/,188,196,Account02,Account10,48,Very Fast (0-60s)
https://www.facebook.com/coord_url_020/,188,197,Account02,Account11,54,Very Fast (0-60s)
https://www.facebook.com/coord_url_020/,188,198,Account02,Account12,60,Very Fast (0-60s)
https://www.facebook.com/coord_url_020/,188,199,Account02,Account13,66,Fast (1-5min)
https://www.facebook.com/coord_url_020/,188,200,Account02,Account14,72,Fast (1-5min)
https://www.facebook.com/coord_url_020/,188,201,Account02,Account15,78,Fast (1-5min)
https://www.facebook.com/coord_url_020/,188,202,Account02,Account16,84,Fast (1-5min)
https://www.facebook.com/coord_url_020/,188,203,Account02,Account17,90,Fast (1-5min)
https://www.facebook.com/coord_url_020/,188,204,Account02,Account18,96,Fast (1-5min)
https://www.facebook.com/coord_url_020/,188,205,Account02,Account19,102,Fast (1-5min)
https://www.facebook.com/coord_url_020/,188,206,Account02,Account20,108,Fast (1-5min)
https://www.facebook.com/coord_url_020/,189,190,Account03,Account04,6,Very Fast (0-60s)
https://www.facebook.com/coord_url_020/,189,191,Account03,Account05,12,Very Fast (0-60s)
https://www.facebook.com/coord_url_020/,189,192,Account03,Account06,18,Very Fast (0-60s)
https://www.facebook.com/coord_url_020/,189,193,Account03,Account07,24,Very Fast (0-60s)
https://www.facebook.com/coord_url_020/,189,194,Account03,Account08,30,Very Fast (0-60s)
https://www.facebook.com/coord_url_020/,189,195,Account03,Account09,36,Very Fast (0-60s)
https://www.facebook.com/coord_url_020/,189,196,Account03,Account10,42,Very Fast (0-60s)
https://www.facebook.com/coord_url_020/,189,197,Account03,Account11,48,Very Fast (0-60s)
https://www.facebook.com/coord_url_020/,189,198,Account03,Account12,54,Very Fast (0-60s)
https://www.facebook.com/coord_url_020/,189,199,Account03,Account13,60,Very Fast (0-60s)
https://www.facebook.com/coord_url_020/,189,200,Account03,Account14,66,Fast (1-5min)
https://www.facebook.com/coord_url_020/,189,201,Account03,Account15,72,Fast (1-5min)
https://www.facebook.com/coord_url_020/,189,202,Account03,Account16,78,Fast (1-5min)
https://www.facebook.com/coord_url_020/,189,203,Account03,Account17,84,Fast (1-5min)
https://www.facebook.com/coord_url_020/,189,204,Account03,Account18,90,Fast (1-5min)
https://www.facebook.com/coord_url_020/,189,205,Account03,Account19,96,Fast (1-5min)
https://www.facebook.com/coord_url_020/,189,206,Account03,Account20,102,Fast (1-5min)
https://www.facebook.com/coord_url_020/,190,191,Account04,Account05,6,Very Fast (0-60s)
https://www.facebook.com/coord_url_020/,190,192,Account04,Account06,12,Very Fast (0-60s)
https://www.facebook.com/coord_url_020/,190,193,Account04,Account07,18,Very Fast (0-60s)
https://www.facebook.com/coord_url_020/,190,194,Account04,Account08,24,Very Fast (0-60s)
https://www.facebook.com/coord_url_020/,190,195,Account04,Account09,30,Very Fast (0-60s)
https://www.facebook.com/coord_url_020/,190,196,Account04,Account10,36,Very Fast (0-60s)
https://www.facebook.com/coord_url_020/,190,197,Account04,Account11,42,Very Fast (0-60s)
https://www.facebook.com/coord_url_020/,190,198,Account04,Account12,48,Very Fast (0-60s)
https://www.facebook.com/coord_url_020/,190,199,Account04,Account13,54,Very Fast (0-60s)
https://www.facebook.com/coord_url_020/,190,200,Account04,Account14,60,Very Fast (0-60s)
https://www.facebook.com/coord_url_020/,190,201,Account04,Account15,66,Fast (1-5min)
https://www.facebook.com/coord_url_020/,190,202,Account04,Account16,72,Fast (1-5min)
https://www.facebook.com/coord_url_020/,190,203,Account04,Account17,78,Fast (1-5min)
https://www.facebook.com/coord_url_020/,190,204,Account04,Account18,84,Fast (1-5min)
https://www.facebook.com/coord_url_020/,190,205,Account04,Account19,90,Fast (1-5min)
https://www.facebook.com/coord_url_020/,190,206,Account04,Account20,96,Fast (1-5min)
https://www.facebook.com/coord_url_020/,191,192,Account05,Account06,6,Very Fast (0-60s)
https://www.facebook.com/coord_url_020/,191,193,Account05,Account07,12,Very Fast (0-60s)
https://www.facebook.com/coord_url_020/,191,194,Account05,Account08,18,Very Fast (0-60s)
https://www.facebook.com/coord_url_020/,191,195,Account05,Account09,24,Very Fast (0-60s)
https://www.facebook.com/coord_url_020/,191,196,Account05,Account10,30,Very Fast (0-60s)
https://www.facebook.com/coord_url_020/,191,197,Account05,Account11,36,Very Fast (0-60s)
https://www.facebook.com/coord_url_020/,191,198,Account05,Account12,42,Very Fast (0-60s)
https://www.facebook.com/coord_url_020/,191,199,Account05,Account13,48,Very Fast (0-60s)
https://www.facebook.com/coord_url_020/,191,200,Account05,Account14,54,Very Fast (0-60s)
https://www.facebook.com/coord_url_020/,191,201,Account05,Account15,60,Very Fast (0-60s)
https://www.facebook.com/coord_url_020/,191,202,Account05,Account16,66,Fast (1-5min)
https://www.facebook.com/coord_url_020/,191,203,Account05,Account17,72,Fast (1-5min)
https://www.facebook.com/coord_url_020/,191,204,Account05,Account18,78,Fast (1-5min)
https://www.facebook.com/coord_url_020/,191,205,Account05,Account19,84,Fast (1-5min)
https://www.facebook.com/coord_url_020/,191,206,Account05,Account20,90,Fast (1-5min)
https://www.facebook.com/coord_url_020/,192,193,Account06,Account07,6,Very Fast (0-60s)
https://www.facebook.com/coord_url_020/,192,194,Account06,Account08,12,Very Fast (0-60s)
https://www.facebook.com/coord_url_020/,192,195,Account06,Account09,18,Very Fast (0-60s)
https://www.facebook.com/coord_url_020/,192,196,Account06,Account10,24,Very Fast (0-60s)
https://www.facebook.com/coord_url_020/,192,197,Account06,Account11,30,Very Fast (0-60s)
https://www.facebook.com/coord_url_020/,192,198,Account06,Account12,36,Very Fast (0-60s)
https://www.facebook.com/coord_url_020/,192,199,Account06,Account13,42,Very Fast (0-60s)
https://www.facebook.com/coord_url_020/,192,200,Account06,Account14,48,Very Fast (0-60s)
https://www.facebook.com/coord_url_020/,192,201,Account06,Account15,54,Very Fast (0-60s)
https://www.facebook.com/coord_url_020/,192,202,Account06,Account16,60,Very Fast (0-60s)
https://www.facebook.com/coord_url_020/,192,203,Account06,Account17,66,Fast (1-5min)
https://www.facebook.com/coord_url_020/,192,204,Account06,Account18,72,Fast (1-5min)
https://www.facebook.com/coord_url_020/,192,205,Account06,Account19,78,Fast (1-5min)
https://www.facebook.com/coord_url_020/,192,206,Account06,Account20,84,Fast (1-5min)
https://www.facebook.com/coord_url_020/,193,194,Account07,Account08,6,Very Fast (0-60s)
https://www.facebook.com/coord_url_020/,193,195,Account07,Account09,12,Very Fast (0-60s)
https://www.facebook.com/coord_url_020/,193,196,Account07,Account10,18,Very Fast (0-60s)
https://www.facebook.com/coord_url_020/,193,197,Account07,Account11,24,Very Fast (0-60s)
https://www.facebook.com/coord_url_020/,193,198,Account07,Account12,30,Very Fast (0-60s)
https://www.facebook.com/coord_url_020/,193,199,Account07,Account13,36,Very Fast (0-60s)
https://www.facebook.com/coord_url_020/,193,200,Account07,Account14,42,Very Fast (0-60s)
https://www.facebook.com/coord_url_020/,193,201,Account07,Account15,48,Very Fast (0-60s)
https://www.facebook.com/coord_url_020/,193,202,Account07,Account16,54,Very Fast (0-60s)
https://www.facebook.com/coord_url_020/,193,203,Account07,Account17,60,Very Fast (0-60s)
https://www.facebook.com/coord_url_020/,193,204,Account07,Account18,66,Fast (1-5min)
https://www.facebook.com/coord_url_020/,193,205,Account07,Account19,72,Fast (1-5min)
https://www.facebook.com/coord_url_020/,193,206,Account07,Account20,78,Fast (1-5min)
https://www.facebook.com/coord_url_020/,194,195,Account08,Account09,6,Very Fast (0-60s)
https://www.facebook.com/coord_url_020/,194,196,Account08,Account10,12,Very Fast (0-60s)
https://www.facebook.com/coord_url_020/,194,197,Account08,Account11,18,Very Fast (0-60s)
https://www.facebook.com/coord_url_020/,194,198,Account08,Account12,24,Very Fast (0-60s)
https://www.facebook.com/coord_url_020/,194,199,Account08,Account13,30,Very Fast (0-60s)
https://www.facebook.com/coord_url_020/,194,200,Account08,Account14,36,Very Fast (0-60s)
https://www.facebook.com/coord_url_020/,194,201,Account08,Account15,42,Very Fast (0-60s)
https://www.facebook.com/coord_url_020/,194,202,Account08,Account16,48,Very Fast (0-60s)
https://www.facebook.com/coord_url_020/,194,203,Account08,Account17,54,Very Fast (0-60s)
https://www.facebook.com/coord_url_020/,194,204,Account08,Account18,60,Very Fast (0-60s)
https://www.facebook.com/coord_url_020/,194,205,Account08,Account19,66,Fast (1-5min)
https://www.facebook.com/coord_url_020/,194,206,Account08,Account20,72,Fast (1-5min)
https://www.facebook.com/coord_url_020/,195,196,Account09,Account10,6,Very Fast (0-60s)
https://www.facebook.com/coord_url_020/,195,197,Account09,Account11,12,Very Fast (0-60s)
https://www.facebook.com/coord_url_020/,195,198,Account09,Account12,18,Very Fast (0-60s)
https://www.facebook.com/coord_url_020/,195,199,Account09,Account13,24,Very Fast (0-60s)
https://www.facebook.com/coord_url_020/,195,200,Account09,Account14,30,Very Fast (0-60s)
https://www.facebook.com/coord_url_020/,195,201,Account09,Account15,36,Very Fast (0-60s)
https://www.facebook.com/coord_url_020/,195,202,Account09,Account16,42,Very Fast (0-60s)
https://www.facebook.com/coord_url_020/,195,203,Account09,Account17,48,Very Fast (0-60s)
https://www.facebook.com/coord_url_020/,195,204,Account09,Account18,54,Very Fast (0-60s)
https://www.facebook.com/coord_url_020/,195,205,Account09,Account19,60,Very Fast (0-60s)
https://www.facebook.com/coord_url_020/,195,206,Account09,Account20,66,Fast (1-5min)
https://www.facebook.com/coord_url_020/,196,197,Account10,Account11,6,Very Fast (0-60s)
https://www.facebook.com/coord_url_020/,196,198,Account10,Account12,12,Very Fast (0-60s)
https://www.facebook.com/coord_url_020/,196,199,Account10,Account13,18,Very Fast (0-60s)
https://www.facebook.com/coord_url_020/,196,200,Account10,Account14,24,Very Fast (0-60s)
https://www.facebook.com/coord_url_020/,196,201,Account10,Account15,30,Very Fast (0-60s)
https://www.facebook.com/coord_url_020/,196,202,Account10,Account16,36,Very Fast (0-60s)
https://www.facebook.com/coord_url_020/,196,203,Account10,Account17,42,Very Fast (0-60s)
https://www.facebook.com/coord_url_020/,196,204,Account10,Account18,48,Very Fast (0-60s)
https://www.facebook.com/coord_url_020/,196,205,Account10,Account19,54,Very Fast (0-60s)
https://www.facebook.com/coord_url_020/,196,206,Account10,Account20,60,Very Fast (0-60s)
https://www.facebook.com/coord_url_020/,197,198,Account11,Account12,6,Very Fast (0-60s)
https://www.facebook.com/coord_url_020/,197,199,Account11,Account13,12,Very Fast (0-60s)
https://www.facebook.com/coord_url_020/,197,200,Account11,Account14,18,Very Fast (0-60s)
https://www.facebook.com/coord_url_020/,197,201,Account11,Account15,24,Very Fast (0-60s)
https://www.facebook.com/coord_url_020/,197,202,Account11,Account16,30,Very Fast (0-60s)
https://www.facebook.com/coord_url_020/,197,203,Account11,Account17,36,Very Fast (0-60s)
https://www.facebook.com/coord_url_020/,197,204,Account11,Account18,42,Very Fast (0-60s)
https://www.facebook.com/coord_url_020/,197,205,Account11,Account19,48,Very Fast (0-60s)
https://www.facebook.com/coord_url_020/,197,206,Account11,Account20,54,Very Fast (0-60s)
https://www.facebook.com/coord_url_020/,198,199,Account12,Account13,6,Very Fast (0-60s)
https://www.facebook.com/coord_url_020/,198,200,Account12,Account14,12,Very Fast (0-60s)
https://www.facebook.com/coord_url_020/,198,201,Account12,Account15,18,Very Fast (0-60s)
https://www.facebook.com/coord_url_020/,198,202,Account12,Account16,24,Very Fast (0-60s)
https://www.facebook.com/coord_url_020/,198,203,Account12,Account17,30,Very Fast (0-60s)
https://www.facebook.com/coord_url_020/,198,204,Account12,Account18,36,Very Fast (0-60s)
https://www.facebook.com/coord_url_020/,198,205,Account12,Account19,42,Very Fast (0-60s)
https://www.facebook.com/coord_url_020/,198,206,Account12,Account20,48,Very Fast (0-60s)
https://www.facebook.com/coord_url_020/,199,200,Account13,Account14,6,Very Fast (0-60s)
https://www.facebook.com/coord_url_020/,199,201,Account13,Account15,12,Very Fast (0-60s)
https://www.facebook.com/coord_url_020/,199,202,Account13,Account16,18,Very Fast (0-60s)
https://www.facebook.com/coord_url_020/,199,203,Account13,Account17,24,Very Fast (0-60s)
https://www.facebook.com/coord_url_020/,199,204,Account13,Account18,30,Very Fast (0-60s)
https://www.facebook.com/coord_url_020/,199,205,Account13,Account19,36,Very Fast (0-60s)
https://www.facebook.com/coord_url_020/,199,206,Account13,Account20,42,Very Fast (0-60s)
https://www.facebook.com/coord_url_020/,200,201,Account14,Account15,6,Very Fast (0-60s)
https://www.facebook.com/coord_url_020/,200,202,Account14,Account16,12,Very Fast (0-60s)
https://www.facebook.com/coord_url_020/,200,203,Account14,Account17,18,Very Fast (0-60s)
https://www.facebook.com/coord_url_020/,200,204,Account14,Account18,24,Very Fast (0-60s)
https://www.facebook.com/coord_url_020/,200,205,Account14,Account19,30,Very Fast (0-60s)
https://www.facebook.com/coord_url_020/,200,206,Account14,Account20,36,Very Fast (0-60s)
https://www.facebook.com/coord_url_020/,201,202,Account15,Account16,6,Very Fast (0-60s)
https://www.facebook.com/coord_url_020/,201,203,Account15,Account17,12,Very Fast (0-60s)
https://www.facebook.com/coord_url_020/,201,204,Account15,Account18,18,Very Fast (0-60s)
https://www.facebook.com/coord_url_020/,201,205,Account15,Account19,24,Very Fast (0-60s)
https://www.facebook.com/coord_url_020/,201,206,Account15,Account20,30,Very Fast (0-60s)
https://www.facebook.com/coord_url_020/,202,203,Account16,Account17,6,Very Fast (0-60s)
https://www.facebook.com/coord_url_020/,202,204,Account16,Account18,12,Very Fast (0-60s)
https://www.facebook.com/coord_url_020/,202,205,Account16,Account19,18,Very Fast (0-60s)
https://www.facebook.com/coord_url_020/,202,206,Account16,Account20,24,Very Fast (0-60s)
https://www.facebook.com/coord_url_020/,203,204,Account17,Account18,6,Very Fast (0-60s)
https://www.facebook.com/coord_url_020/,203,205,Account17,Account19,12,Very Fast (0-60s)
https://www.facebook.com/coord_url_020/,203,206,Account17,Account20,18,Very Fast (0-60s)
https://www.facebook.com/coord_url_020/,204,205,Account18,Account19,6,Very Fast (0-60s)
https://www.facebook.com/coord_url_020/,204,206,Account18,Account20,12,Very Fast (0-60s)
https://www.facebook.com/coord_url_020/,205,206,Account19,Account20,6,Very Fast (0-60s)
https://www.facebook.com/coord_url_021/,207,208,Account02,Account05,18,Very Fast (0-60s)
https://www.facebook.com/coord_url_021/,207,209,Account02,Account08,36,Very Fast (0-60s)
https://www.facebook.com/coord_url_021/,207,210,Account02,Account11,54,Very Fast (0-60s)
https://www.facebook.com/coord_url_021/,207,211,Account02,Account14,72,Fast (1-5min)
https://www.facebook.com/coord_url_021/,207,212,Account02,Account17,90,Fast (1-5min)
https://www.facebook.com/coord_url_021/,207,213,Account02,Account20,108,Fast (1-5min)
https://www.facebook.com/coord_url_021/,208,209,Account05,Account08,18,Very Fast (0-60s)
https://www.facebook.com/coord_url_021/,208,210,Account05,Account11,36,Very Fast (0-60s)
https://www.facebook.com/coord_url_021/,208,211,Account05,Account14,54,Very Fast (0-60s)
https://www.facebook.com/coord_url_021/,208,212,Account05,Account17,72,Fast (1-5min)
https://www.facebook.com/coord_url_021/,208,213,Account05,Account20,90,Fast (1-5min)
https://www.facebook.com/coord_url_021/,209,210,Account08,Account11,18,Very Fast (0-60s)
https://www.facebook.com/coord_url_021/,209,211,Account08,Account14,36,Very Fast (0-60s)
https://www.facebook.com/coord_url_021/,209,212,Account08,Account17,54,Very Fast (0-60s)
https://www.facebook.com/coord_url_021/,209,213,Account08,Account20,72,Fast (1-5min)
https://www.facebook.com/coord_url_021/,210,211,Account11,Account14,18,Very Fast (0-60s)
https://www.facebook.com/coord_url_021/,210,212,Account11,Account17,36,Very Fast (0-60s)
https://www.facebook.com/coord_url_021/,210,213,Account11,Account20,54,Very Fast (0-60s)
https://www.facebook.com/coord_url_021/,211,212,Account14,Account17,18,Very Fast (0-60s)
https://www.facebook.com/coord_url_021/,211,213,Account14,Account20,36,Very Fast (0-60s)
https://www.facebook.com/coord_url_021/,212,213,Account17,Account20,18,Very Fast (0-60s)
https://www.facebook.com/coord_url_022/,214,215,Account03,Account06,12,Very Fast (0-60s)
https://www.facebook.com/coord_url_022/,214,216,Account03,Account09,24,Very Fast (0-60s)
https://www.facebook.com/coord_url_022/,214,217,Account03,Account12,36,Very Fast (0-60s)
https://www.facebook.com/coord_url_022/,214,218,Account03,Account15,48,Very Fast (0-60s)
https://www.facebook.com/coord_url_022/,214,219,Account03,Account18,60,Very Fast (0-60s)
https://www.facebook.com/coord_url_022/,214,220,Account03,Account01,72,Fast (1-5min)
https://www.facebook.com/coord_url_022/,215,216,Account06,Account09,12,Very Fast (0-60s)
https://www.facebook.com/coord_url_022/,215,217,Account06,Account12,24,Very Fast (0-60s)
https://www.facebook.com/coord_url_022/,215,218,Account06,Account15,36,Very Fast (0-60s)
https://www.facebook.com/coord_url_022/,215,219,Account06,Account18,48,Very Fast (0-60s)
https://www.facebook.com/coord_url_022/,215,220,Account06,Account01,60,Very Fast (0-60s)
https://www.facebook.com/coord_url_022/,216,217,Account09,Account12,12,Very Fast (0-60s)
https://www.facebook.com/coord_url_022/,216,218,Account09,Account15,24,Very Fast (0-60s)
https://www.facebook.com/coord_url_022/,216,219,Account09,Account18,36,Very Fast (0-60s)
https://www.facebook.com/coord_url_022/,216,220,Account09,Account01,48,Very Fast (0-60s)
https://www.facebook.com/coord_url_022/,217,218,Account12,Account15,12,Very Fast (0-60s)
https://www.facebook.com/coord_url_022/,217,219,Account12,Account18,24,Very Fast (0-60s)
https://www.facebook.com/coord_url_022/,217,220,Account12,Account01,36,Very Fast (0-60s)
https://www.facebook.com/coord_url_022/,218,219,Account15,Account18,12,Very Fast (0-60s)
https://www.facebook.com/coord_url_022/,218,220,Account15,Account01,24,Very Fast (0-60s)
https://www.facebook.com/coord_url_022/,219,220,Account18,Account01,12,Very Fast (0-60s)
https://www.facebook.com/coord_url_023/,221,222,Account04,Account07,10,Very Fast (0-60s)
https://www.facebook.com/coord_url_023/,221,223,Account04,Account10,20,Very Fast (0-60s)
https://www.facebook.com/coord_url_023/,221,224,Account04,Account13,30,Very Fast (0-60s)
https://www.facebook.com/coord_url_023/,221,225,Account04,Account16,40,Very Fast (0-60s)
https://www.facebook.com/coord_url_023/,221,226,Account04,Account19,50,Very Fast (0-60s)
https://www.facebook.com/coord_url_023/,221,227,Account04,Account02,60,Very Fast (0-60s)
https://www.facebook.com/coord_url_023/,221,228,Account04,Account05,70,Fast (1-5min)
https://www.facebook.com/coord_url_023/,221,229,Account04,Account08,80,Fast (1-5min)
https://www.facebook.com/coord_url_023/,222,223,Account07,Account10,10,Very Fast (0-60s)
https://www.facebook.com/coord_url_023/,222,224,Account07,Account13,20,Very Fast (0-60s)
https://www.facebook.com/coord_url_023/,222,225,Account07,Account16,30,Very Fast (0-60s)
https://www.facebook.com/coord_url_023/,222,226,Account07,Account19,40,Very Fast (0-60s)
https://www.facebook.com/coord_url_023/,222,227,Account07,Account02,50,Very Fast (0-60s)
https://www.facebook.com/coord_url_023/,222,228,Account07,Account05,60,Very Fast (0-60s)
https://www.facebook.com/coord_url_023/,222,229,Account07,Account08,70,Fast (1-5min)
https://www.facebook.com/coord_url_023/,223,224,Account10,Account13,10,Very Fast (0-60s)
https://www.facebook.com/coord_url_023/,223,225,Account10,Account16,20,Very Fast (0-60s)
https://www.facebook.com/coord_url_023/,223,226,Account10,Account19,30,Very Fast (0-60s)
https://www.facebook.com/coord_url_023/,223,227,Account10,Account02,40,Very Fast (0-60s)
https://www.facebook.com/coord_url_023/,223,228,Account10,Account05,50,Very Fast (0-60s)
https://www.facebook.com/coord_url_023/,223,229,Account10,Account08,60,Very Fast (0-60s)
https://www.facebook.com/coord_url_023/,224,225,Account13,Account16,10,Very Fast (0-60s)
https://www.facebook.com/coord_url_023/,224,226,Account13,Account19,20,Very Fast (0-60s)
https://www.facebook.com/coord_url_023/,224,227,Account13,Account02,30,Very Fast (0-60s)
https://www.facebook.com/coord_url_023/,224,228,Account13,Account05,40,Very Fast (0-60s)
https://www.facebook.com/coord_url_023/,224,229,Account13,Account08,50,Very Fast (0-60s)
https://www.facebook.com/coord_url_023/,225,226,Account16,Account19,10,Very Fast (0-60s)
https://www.facebook.com/coord_url_023/,225,227,Account16,Account02,20,Very Fast (0-60s)
https://www.facebook.com/coord_url_023/,225,228,Account16,Account05,30,Very Fast (0-60s)
https://www.facebook.com/coord_url_023/,225,229,Account16,Account08,40,Very Fast (0-60s)
https://www.facebook.com/coord_url_023/,226,227,Account19,Account02,10,Very Fast (0-60s)
https://www.facebook.com/coord_url_023/,226,228,Account19,Account05,20,Very Fast (0-60s)
https://www.facebook.com/coord_url_023/,226,229,Account19,Account08,30,Very Fast (0-60s)
https://www.facebook.com/coord_url_023/,227,228,Account02,Account05,10,Very Fast (0-60s)
https://www.facebook.com/coord_url_023/,227,229,Account02,Account08,20,Very Fast (0-60s)
https://www.facebook.com/coord_url_023/,228,229,Account05,Account08,10,Very Fast (0-60s)
https://www.facebook.com/coord_url_024/,230,231,Account11,Account12,15,Very Fast (0-60s)
https://www.facebook.com/coord_url_024/,230,232,Account11,Account13,30,Very Fast (0-60s)
https://www.facebook.com/coord_url_024/,230,233,Account11,Account14,45,Very Fast (0-60s)
https://www.facebook.com/coord_url_024/,230,234,Account11,Account15,60,Very Fast (0-60s)
https://www.facebook.com/coord_url_024/,230,235,Account11,Account16,75,Fast (1-5min)
https://www.facebook.com/coord_url_024/,230,236,Account11,Account17,90,Fast (1-5min)
https://www.facebook.com/coord_url_024/,230,237,Account11,Account18,105,Fast (1-5min)
https://www.facebook.com/coord_url_024/,230,238,Account11,Account19,120,Fast (1-5min)
https://www.facebook.com/coord_url_024/,230,239,Account11,Account20,135,Fast (1-5min)
https://www.facebook.com/coord_url_024/,231,232,Account12,Account13,15,Very Fast (0-60s)
https://www.facebook.com/coord_url_024/,231,233,Account12,Account14,30,Very Fast (0-60s)
https://www.facebook.com/coord_url_024/,231,234,Account12,Account15,45,Very Fast (0-60s)
https://www.facebook.com/coord_url_024/,231,235,Account12,Account16,60,Very Fast (0-60s)
https://www.facebook.com/coord_url_024/,231,236,Account12,Account17,75,Fast (1-5min)
https://www.facebook.com/coord_url_024/,231,237,Account12,Account18,90,Fast (1-5min)
https://www.facebook.com/coord_url_024/,231,238,Account12,Account19,105,Fast (1-5min)
https://www.facebook.com/coord_url_024/,231,239,Account12,Account20,120,Fast (1-5min)
https://www.facebook.com/coord_url_024/,232,233,Account13,Account14,15,Very Fast (0-60s)
https://www.facebook.com/coord_url_024/,232,234,Account13,Account15,30,Very Fast (0-60s)
https://www.facebook.com/coord_url_024/,232,235,Account13,Account16,45,Very Fast (0-60s)
https://www.facebook.com/coord_url_024/,232,236,Account13,Account17,60,Very Fast (0-60s)
https://www.facebook.com/coord_url_024/,232,237,Account13,Account18,75,Fast (1-5min)
https://www.facebook.com/coord_url_024/,232,238,Account13,Account19,90,Fast (1-5min)
https://www.facebook.com/coord_url_024/,232,239,Account13,Account20,105,Fast (1-5min)
https://www.facebook.com/coord_url_024/,233,234,Account14,Account15,15,Very Fast (0-60s)
https://www.facebook.com/coord_url_024/,233,235,Account14,Account16,30,Very Fast (0-60s)
https://www.facebook.com/coord_url_024/,233,236,Account14,Account17,45,Very Fast (0-60s)
https://www.facebook.com/coord_url_024/,233,237,Account14,Account18,60,Very Fast (0-60s)
https://www.facebook.com/coord_url_024/,233,238,Account14,Account19,75,Fast (1-5min)
https://www.facebook.com/coord_url_024/,233,239,Account14,Account20,90,Fast (1-5min)
https://www.facebook.com/coord_url_024/,234,235,Account15,Account16,15,Very Fast (0-60s)
https://www.facebook.com/coord_url_024/,234,236,Account15,Account17,30,Very Fast (0-60s)
https://www.facebook.com/coord_url_024/,234,237,Account15,Account18,45,Very Fast (0-60s)
https://www.facebook.com/coord_url_024/,234,238,Account15,Account19,60,Very Fast (0-60s)
https://www.facebook.com/coord_url_024/,234,239,Account15,Account20,75,Fast (1-5min)
https://www.facebook.com/coord_url_024/,235,236,Account16,Account17,15,Very Fast (0-60s)
https://www.facebook.com/coord_url_024/,235,237,Account16,Account18,30,Very Fast (0-60s)
https://www.facebook.com/coord_url_024/,235,238,Account16,Account19,45,Very Fast (0-60s)
https://www.facebook.com/coord_url_024/,235,239,Account16,Account20,60,Very Fast (0-60s)
https://www.facebook.com/coord_url_024/,236,237,Account17,Account18,15,Very Fast (0-60s)
https://www.facebook.com/coord_url_024/,236,238,Account17,Account19,30,Very Fast (0-60s)
https://www.facebook.com/coord_url_024/,236,239,Account17,Account20,45,Very Fast (0-60s)
https://www.facebook.com/coord_url_024/,237,238,Account18,Account19,15,Very Fast (0-60s)
https://www.facebook.com/coord_url_024/,237,239,Account18,Account20,30,Very Fast (0-60s)
https://www.facebook.com/coord_url_024/,238,239,Account19,Account20,15,Very Fast (0-60s)
https://www.facebook.com/coord_url_025/,240,241,Account01,Account04,10,Very Fast (0-60s)
https://www.facebook.com/coord_url_025/,240,242,Account01,Account07,20,Very Fast (0-60s)
https://www.facebook.com/coord_url_025/,240,243,Account01,Account10,30,Very Fast (0-60s)
https://www.facebook.com/coord_url_025/,240,244,Account01,Account13,40,Very Fast (0-60s)
https://www.facebook.com/coord_url_025/,240,245,Account01,Account16,50,Very Fast (0-60s)
https://www.facebook.com/coord_url_025/,240,246,Account01,Account19,60,Very Fast (0-60s)
https://www.facebook.com/coord_url_025/,240,247,Account01,Account03,70,Fast (1-5min)
https://www.facebook.com/coord_url_025/,240,248,Account01,Account06,80,Fast (1-5min)
https://www.facebook.com/coord_url_025/,240,249,Account01,Account09,90,Fast (1-5min)
https://www.facebook.com/coord_url_025/,240,250,Account01,Account12,100,Fast (1-5min)
https://www.facebook.com/coord_url_025/,241,242,Account04,Account07,10,Very Fast (0-60s)
https://www.facebook.com/coord_url_025/,241,243,Account04,Account10,20,Very Fast (0-60s)
https://www.facebook.com/coord_url_025/,241,244,Account04,Account13,30,Very Fast (0-60s)
https://www.facebook.com/coord_url_025/,241,245,Account04,Account16,40,Very Fast (0-60s)
https://www.facebook.com/coord_url_025/,241,246,Account04,Account19,50,Very Fast (0-60s)
https://www.facebook.com/coord_url_025/,241,247,Account04,Account03,60,Very Fast (0-60s)
https://www.facebook.com/coord_url_025/,241,248,Account04,Account06,70,Fast (1-5min)
https://www.facebook.com/coord_url_025/,241,249,Account04,Account09,80,Fast (1-5min)
https://www.facebook.com/coord_url_025/,241,250,Account04,Account12,90,Fast (1-5min)
https://www.facebook.com/coord_url_025/,242,243,Account07,Account10,10,Very Fast (0-60s)
https://www.facebook.com/coord_url_025/,242,244,Account07,Account13,20,Very Fast (0-60s)
https://www.facebook.com/coord_url_025/,242,245,Account07,Account16,30,Very Fast (0-60s)
https://www.facebook.com/coord_url_025/,242,246,Account07,Account19,40,Very Fast (0-60s)
https://www.facebook.com/coord_url_025/,242,247,Account07,Account03,50,Very Fast (0-60s)
https://www.facebook.com/coord_url_025/,242,248,Account07,Account06,60,Very Fast (0-60s)
https://www.facebook.com/coord_url_025/,242,249,Account07,Account09,70,Fast (1-5min)
https://www.facebook.com/coord_url_025/,242,250,Account07,Account12,80,Fast (1-5min)
https://www.facebook.com/coord_url_025/,243,244,Account10,Account13,10,Very Fast (0-60s)
https://www.facebook.com/coord_url_025/,243,245,Account10,Account16,20,Very Fast (0-60s)
https://www.facebook.com/coord_url_025/,243,246,Account10,Account19,30,Very Fast (0-60s)
https://www.facebook.com/coord_url_025/,243,247,Account10,Account03,40,Very Fast (0-60s)
https://www.facebook.com/coord_url_025/,243,248,Account10,Account06,50,Very Fast (0-60s)
https://www.facebook.com/coord_url_025/,243,249,Account10,Account09,60,Very Fast (0-60s)
https://www.facebook.com/coord_url_025/,243,250,Account10,Account12,70,Fast (1-5min)
https://www.facebook.com/coord_url_025/,244,245,Account13,Account16,10,Very Fast (0-60s)
https://www.facebook.com/coord_url_025/,244,246,Account13,Account19,20,Very Fast (0-60s)
https://www.facebook.com/coord_url_025/,244,247,Account13,Account03,30,Very Fast (0-60s)
https://www.facebook.com/coord_url_025/,244,248,Account13,Account06,40,Very Fast (0-60s)
https://www.facebook.com/coord_url_025/,244,249,Account13,Account09,50,Very Fast (0-60s)
https://www.facebook.com/coord_url_025/,244,250,Account13,Account12,60,Very Fast (0-60s)
https://www.facebook.com/coord_url_025/,245,246,Account16,Account19,10,Very Fast (0-60s)
https://www.facebook.com/coord_url_025/,245,247,Account16,Account03,20,Very Fast (0-60s)
https://www.facebook.com/coord_url_025/,245,248,Account16,Account06,30,Very Fast (0-60s)
https://www.facebook.com/coord_url_025/,245,249,Account16,Account09,40,Very Fast (0-60s)
https://www.facebook.com/coord_url_025/,245,250,Account16,Account12,50,Very Fast (0-60s)
https://www.facebook.com/coord_url_025/,246,247,Account19,Account03,10,Very Fast (0-60s)
https://www.facebook.com/coord_url_025/,246,248,Account19,Account06,20,Very Fast (0-60s)
https://www.facebook.com/coord_url_025/,246,249,Account19,Account09,30,Very Fast (0-60s)
https://www.facebook.com/coord_url_025/,246,250,Account19,Account12,40,Very Fast (0-60s)
https://www.facebook.com/coord_url_025/,247,248,Account03,Account06,10,Very Fast (0-60s)
https://www.facebook.com/coord_url_025/,247,249,Account03,Account09,20,Very Fast (0-60s)
https://www.facebook.com/coord_url_025/,247,250,Account03,Account12,30,Very Fast (0-60s)
https://www.facebook.com/coord_url_025/,248,249,Account06,Account09,10,Very Fast (0-60s)
https://www.facebook.com/coord_url_025/,248,250,Account06,Account12,20,Very Fast (0-60s)
https://www.facebook.com/coord_url_025/,249,250,Account09,Account12,10,Very Fast (0-60s)
